org	org--backward-paragraph-once	cmd	na	-	internal helper of org-backward-paragraph	-
org	org--forward-paragraph-once	cmd	na	-	internal helper of org-forward-paragraph	-
org	org-add-note	cmd	done	action add_note (todo.lua:888)	C-c C-z	-
org	org-agenda-file-to-front	cmd	done	-	source-equivalent: truename match, abbreviated new entry, C-u to end, Emacs message; list file / JSON saved; spec	S
org	org-agenda-prepare-buffers	cmd	na	-	internal buffer preparation for agenda	-
org	org-babel-load-file	cmd	done	:Org babel_load_file (babel/init.lua:2667)	tangles and runs Lua blocks instead of elisp	-
org	org-backward-element	cmd	done	action backward_element (element.lua:432)	M-{	-
org	org-backward-heading-same-level	cmd	done	action prev_sibling (structure.lua:2163)	C-c C-b / [] 	-
org	org-backward-paragraph	cmd	vim	stock { motion	Vim paragraph motion; not element-aware	-
org	org-backward-sentence	cmd	vim	stock ( motion	no table-cell special case	-
org	org-beginning-of-line	cmd	vim	stock 0/^	org-special-ctrl-a (default nil) not emulated	-
org	org-browse-news	cmd	na	-	opens orgmode.org release notes; irrelevant to org.nvim	-
org	org-calendar-backward-day	cmd	done	calendar.lua:296 (h/Left in date picker)	-	-
org	org-calendar-backward-month	cmd	done	calendar.lua:304 (H/< in date picker)	-	-
org	org-calendar-backward-week	cmd	done	calendar.lua:302 (k/Up in date picker)	-	-
org	org-calendar-backward-year	cmd	done	calendar.lua:308 (K/[ in date picker)	-	-
org	org-calendar-forward-day	cmd	done	calendar.lua:298 (l/Right)	-	-
org	org-calendar-forward-month	cmd	done	calendar.lua:306 (L/>)	-	-
org	org-calendar-forward-week	cmd	done	calendar.lua:300 (j/Down)	-	-
org	org-calendar-forward-year	cmd	done	calendar.lua:310 (J/])	-	-
org	org-calendar-goto-today	cmd	done	calendar.lua:312 (.)	-	-
org	org-calendar-goto-today-or-insert-dot	cmd	done	calendar.lua:312 (.)	text typed via i, so . always means today	-
org	org-calendar-scroll-month-left	cmd	done	calendar.lua:304 (<)	moves the selection a month (Emacs scrolls the view)	-
org	org-calendar-scroll-month-right	cmd	done	calendar.lua:306 (>)	moves the selection a month	-
org	org-calendar-scroll-three-months-left	cmd	done	-	scroll_months matches calendar-scroll-left (no overlap after 3 months, so today-else-1st rule); spec from Emacs probe	S
org	org-calendar-scroll-three-months-right	cmd	done	-	same function with -3; spec	S
org	org-calendar-select	cmd	done	calendar.lua:294 (<CR>)	-	-
org	org-calendar-select-mouse	cmd	done	-	date_at + <LeftMouse> in pick selects and returns; spec with stubbed getmousepos	S
org	org-calendar-view-entries	cmd	done	-	! opens the day agenda, windows restored; diary->agenda is a documented Neovim difference	S
org	org-cancel-repeater	cmd	na	-	obsolete alias of org-cancel-repeaters	-
org	org-cancel-repeaters	cmd	done	todo.lua:851; action todo_cancel_repeaters	as in Emacs, reachable via C-- 1 C-c C-t	-
org	org-cdlatex-environment-indent	cmd	emacs-only	-	requires CDLaTeX Emacs package	-
org	org-cdlatex-math-modify	cmd	emacs-only	-	requires CDLaTeX Emacs package	-
org	org-cdlatex-mode	cmd	emacs-only	-	requires CDLaTeX Emacs package (snippet plugins fill this role)	-
org	org-cdlatex-underscore-caret	cmd	emacs-only	-	requires CDLaTeX Emacs package	-
org	org-change-tag-in-region	cmd	done	action set_tags in Visual (tags.lua:535)	-	-
org	org-check-after-date	cmd	done	sparse.lua:153 (C-c / a)	-	-
org	org-check-before-date	cmd	done	sparse.lua:153 (C-c / b)	-	-
org	org-check-dates-range	cmd	done	sparse.lua:153 (C-c / D)	-	-
org	org-check-deadlines	cmd	done	sparse.lua:170 (C-c / d)	no NDAYS prefix argument	-
org	org-clone-subtree-with-time-shift	cmd	done	action clone_subtree (structure.lua:1380)	-	-
org	org-comment-dwim	cmd	vim	commentstring "# %s" (buffer.lua:29), gc	heading COMMENT toggle is action toggle_comment	-
org	org-compute-property-at-point	cmd	done	action compute_property_at_point (properties.lua:379)	-	-
org	org-content	cmd	done	:Org content (fold.lua:793); count S-Tab	-	-
org	org-convert-to-odd-levels	cmd	done	-	PROBED: adapt t/nil with planning, drawer, tags: buffer identical to Emacs; confirm prompt; spec structure_r5	S
org	org-convert-to-oddeven-levels	cmd	done	-	source matches (even-level error, confirm, cursor to bob); spec structure_r5	S
org	org-copy-special	cmd	done	action copy_special (context.lua:605)	-	-
org	org-copy-subtree	cmd	done	action copy_subtree (structure.lua:1169)	-	-
org	org-copy-visible	cmd	done	action copy_visible (fold.lua:1206)	-	-
org	org-create-customize-menu	cmd	done	lua/org/customize.lua create_menu; action customize_menu; tests/spec/menu_spec.lua "expands the Customize menu"	Org > Customize gets an "Org" submenu with one entry per option (sections as submenus) opening the options buffer on it; Custom's Set/Save/Reset entries have no counterpart (no Save for Lua config)	-
org	org-create-math-formula	cmd	done	export/odt/latex.lua:69 latex_to_mathml	used by ODT export; no interactive prompt	-
org	org-ctrl-c-ctrl-c	cmd	done	action context_action (context.lua:46)	-	-
org	org-ctrl-c-minus	cmd	done	action ctrl_c_minus (context.lua:580)	-	-
org	org-ctrl-c-ret	cmd	done	action ctrl_c_ret (context.lua:593)	-	-
org	org-ctrl-c-star	cmd	done	action ctrl_c_star (context.lua:571)	-	-
org	org-ctrl-c-tab	cmd	done	action show_children (context.lua:561)	-	-
org	org-customize	cmd	done	lua/org/customize.lua; action customize; tests/spec/customize_spec.lua	Options buffer in lua/org/config/ order with values, [changed] marks, K/<CR> docs (from lua/org/config/ comments) with default/value, c sets for the session (Lua expr), R resets; no Save (documented in org-differences)	-
org	org-cut-special	cmd	done	action cut_special (context.lua:613)	-	-
org	org-cut-subtree	cmd	done	action cut_subtree (structure.lua:1179)	-	-
org	org-cycle-agenda-files	cmd	done	action cycle_agenda_files	-	-
org	org-cycle-level	cmd	done	action insert_tab (structure.lua:920)	-	-
org	org-date-from-calendar	cmd	done	-	insert_today uses calendar.cursor_date, keeps time/repeater on a timestamp; spec from Emacs probe	S
org	org-dblock-update	cmd	done	action dblock_update (dblock.lua:180)	-	-
org	org-deadline	cmd	done	action deadline (timestamps.lua:756)	-	-
org	org-decrease-number-at-point	cmd	vim	stock <C-x> (fallback of action decrement)	-	-
org	org-delete-backward-char	cmd	vim	stock <BS>; table realigned on InsertLeave (table.lua:2567)	-	-
org	org-delete-char	cmd	vim	stock x/<Del>; table realigned on InsertLeave (table.lua:2567)	-	-
org	org-delete-indentation	cmd	vim	stock J	J on a tagged headline doesn't keep tags at end	-
org	org-delete-property	cmd	done	action delete_property (properties.lua:219)	-	-
org	org-delete-property-globally	cmd	done	action delete_property_globally (properties.lua:249)	-	-
org	org-demote-subtree	cmd	done	action demote_subtree (context.lua:324)	-	-
org	org-display-outline-path	cmd	done	speed.lua:42 (speed key SPC)	only via speed command	-
org	org-do-demote	cmd	done	action demote_heading (context.lua:299)	-	-
org	org-do-promote	cmd	done	action promote_heading (context.lua:285)	-	-
org	org-down-element	cmd	done	action down_element (element.lua:525)	-	-
org	org-drag-element-backward	cmd	done	action drag_element_up (element.lua:647)	-	-
org	org-drag-element-forward	cmd	done	action drag_element_down (element.lua:668)	-	-
org	org-drag-line-backward	cmd	done	structure.lua:954 via shift_meta_up	-	-
org	org-drag-line-forward	cmd	done	structure.lua:954 via shift_meta_down	-	-
org	org-dynamic-block-insert-dblock	cmd	done	action insert_dblock (dblock.lua:257)	-	-
org	org-edit-agenda-file-list	cmd	done	-	list file edited, :w installs + returns (Emacs after-save-hook); config list via scratch buffer (Customize equiv); spec	S
org	org-edit-headline	cmd	done	-	PROBED: empty title after priority, COMMENT, trim match Emacs. Minor bug: tags realigned even with auto_align_tags=false (Emacs doesn't)	S
org	org-edit-special	cmd	done	action edit_special (context.lua:149)	-	-
org	org-emphasize	cmd	done	action emphasize (structure.lua:2021)	-	-
org	org-end-of-line	cmd	vim	stock $	org-special-ctrl-e (default nil) not emulated	-
org	org-evaluate-time-range	cmd	done	action evaluate_time_range (timestamps.lua:168)	-	-
org	org-fill-paragraph	cmd	done	-	PROBED: description/checkbox items, quote, footnote, indented para, comment, long link at fill-column 30 all identical to Emacs	M
org	org-find-entry-with-id	cmd	done	action id_goto (id.lua)	-	-
org	org-find-file-at-mouse	cmd	done	-	mouse.find_file_at_mouse follows with arg 4 (in-emacs), <RightMouse>; falls back off a link; spec	S
org	org-force-self-insert	cmd	na	-	remapping helper	-
org	org-forward-element	cmd	done	action forward_element (element.lua:390)	-	-
org	org-forward-heading-same-level	cmd	done	action next_sibling (structure.lua:2159)	-	-
org	org-forward-paragraph	cmd	vim	stock } motion	not element-aware	-
org	org-forward-sentence	cmd	vim	stock ) motion	no table-cell special case	-
org	org-global-cycle	cmd	done	action global_cycle (fold.lua:813)	-	-
org	org-goto-calendar	cmd	done	action goto_calendar (timestamps.lua:125)	-	-
org	org-inc-effort	cmd	done	action inc_effort	-	-
org	org-increase-number-at-point	cmd	vim	stock <C-a> (fallback of action increment)	-	-
org	org-indent-block	cmd	done	-	action + port of element-at-point rule; spec with Emacs expectation	S
org	org-indent-drawer	cmd	done	-	action; aligns node properties; spec with Emacs expectation	S
org	org-indent-line	cmd	done	element.lua:827 (TAB with cycle_emulate_tab)	-	-
org	org-indent-region	cmd	done	-	indentexpr + indent_region action; 27 Emacs-derived fixture cases per adapt value pass; = line-wise diff documented	S
org	org-info	cmd	vim	:help org (doc/org.txt)	-	-
org	org-info-find-node	cmd	vim	:help tags in doc/org.txt	-	-
org	org-insert-block-template	cmd	na	-	alias of org-insert-structure-template	-
org	org-insert-drawer	cmd	done	action insert_drawer (structure.lua:568)	-	-
org	org-insert-heading	cmd	done	action meta_return (context.lua:214)	-	-
org	org-insert-heading-after-current	cmd	done	action insert_heading (structure.lua:517)	-	-
org	org-insert-heading-respect-content	cmd	done	-	PROBED: M-RET from child heading and from body text insert after subtree, identical to Emacs	-
org	org-insert-structure-template	cmd	done	action insert_structure_template (structure.lua:769)	-	-
org	org-insert-subheading	cmd	done	action insert_subheading (structure.lua:532)	-	-
org	org-insert-todo-heading	cmd	done	action meta_shift_return (context.lua:236)	-	-
org	org-insert-todo-heading-respect-content	cmd	done	action insert_todo_heading (structure.lua:523)	-	-
org	org-insert-todo-subheading	cmd	done	-	PROBED: on heading and in body text, result and cursor identical to Emacs; item -> checkbox item spec	S
org	org-kill-line	cmd	vim	stock D	org-special-ctrl-k (default nil) tag-preserving kill not emulated	-
org	org-kill-note-or-show-branches	cmd	done	action show_branches (fold.lua:1105)	-	-
org	org-latex-preview	cmd	done	action latex_preview (ui/images.lua)	-	-
org	org-mark-element	cmd	done	action mark_element (element.lua:571)	-	-
org	org-mark-ring-goto	cmd	done	action mark_ring_goto (links.lua:2937)	-	-
org	org-mark-ring-push	cmd	vim	stock m' / jumplist	-	-
org	org-mark-subtree	cmd	done	action mark_subtree (structure.lua:2237)	-	-
org	org-match-sparse-tree	cmd	done	action tags_sparse_tree (agenda/sparse.lua:29)	-	-
org	org-meta-return	cmd	done	action meta_return (context.lua:214)	-	-
org	org-metadown	cmd	done	action meta_down (context.lua:441)	-	-
org	org-metaleft	cmd	done	action meta_left (context.lua:368)	-	-
org	org-metaright	cmd	done	action meta_right (context.lua:379)	-	-
org	org-metaup	cmd	done	action meta_up (context.lua:423)	-	-
org	org-mode	cmd	done	ftplugin/org.lua -> buffer.lua:20	-	-
org	org-mode-restart	cmd	done	context.lua:117 (C-c C-c on #+ line -> buffer.refresh)	-	-
org	org-move-subtree-down	cmd	done	action move_subtree_down (structure.lua:1030)	-	-
org	org-move-subtree-up	cmd	done	action move_subtree_up (structure.lua:1026)	-	-
org	org-narrow-to-block	cmd	done	action narrow_block (element.lua:752)	edit buffer instead of narrowing	-
org	org-narrow-to-element	cmd	done	action narrow_element (element.lua:734)	edit buffer instead of narrowing	-
org	org-narrow-to-subtree	cmd	done	action narrow_subtree (structure.lua:1863)	edit buffer instead of narrowing	-
org	org-next-block	cmd	done	action next_block (element.lua:770)	-	-
org	org-next-visible-heading	cmd	done	action next_heading (structure.lua:2096)	-	-
org	org-occur	cmd	done	sparse.lua:122 (C-c / /)	Vim regex syntax	-
org	org-occur-in-agenda-files	cmd	done	agenda/init.lua:334 (agenda dispatcher /)	-	-
org	org-occur-link-in-agenda-files	cmd	done	-	searches the store-link string in agenda files to quickfix like org-occur-in-agenda-files; spec	S
org	org-open-at-mouse	cmd	done	-	mouse.open_at_mouse on <MiddleMouse>, runs follow hook; spec	S
org	org-open-at-point	cmd	done	action open_at_point (context.lua:131)	-	-
org	org-open-at-point-global	cmd	done	-	PROBED: bracket/angle/plain links, timestamp, URL (trailing . stripped, parens kept), e-mail, "No link found" all match	S
org	org-open-line	cmd	vim	stock O; action table_insert_row	-	-
org	org-org-menu	cmd	done	lua/org/menu.lua, lua/org/menu_defs.lua org(); tests/spec/menu_spec.lua	Neovim menu "Org" added/removed with org buffers (BufEnter/WinEnter/FileType), Emacs entries/order/:active predicates, key hints; File List for Agenda dynamic; ui.menus option; toggles show no check state (documented)	-
org	org-overview	cmd	done	:Org overview (fold.lua:771)	-	-
org	org-paste-special	cmd	done	action paste_special (context.lua:621)	-	-
org	org-paste-subtree	cmd	done	action paste_subtree (structure.lua:1219)	-	-
org	org-previous-block	cmd	done	action previous_block (element.lua:796)	-	-
org	org-previous-visible-heading	cmd	done	action prev_heading (structure.lua:2116)	-	-
org	org-priority	cmd	done	action priority (priority.lua:141)	-	-
org	org-priority-down	cmd	done	action shift_down on headline (priority.lua:120)	-	-
org	org-priority-show	cmd	done	action priority_show (priority.lua:126)	-	-
org	org-priority-up	cmd	done	action shift_up on headline (priority.lua:116)	-	-
org	org-promote-subtree	cmd	done	action promote_subtree (context.lua:313)	-	-
org	org-property-action	cmd	done	properties.lua:350 (C-c C-c on property line)	-	-
org	org-property-next-allowed-value	cmd	done	properties.lua:320 via shift_right	-	-
org	org-property-previous-allowed-value	cmd	done	properties.lua:320 via shift_left	-	-
org	org-reftex-citation	cmd	emacs-only	-	requires RefTeX Emacs package	-
org	org-reload	cmd	na	-	reloads Lisp files	-
org	org-remove-file	cmd	done	-	messages/list rewrite match org-remove-file source (dirs expanded like (org-agenda-files t)); JSON save restored at setup; spec	S
org	org-remove-occur-highlights	cmd	done	context.lua:50 (C-c C-c) / sparse menu c	-	-
org	org-require-autoloaded-modules	cmd	na	-	Lisp load machinery	-
org	org-return	cmd	done	org_insert table_next_row; open_at_point on <CR>	table row / link follow; else stock <CR>	-
org	org-return-and-maybe-indent	cmd	vim	stock <CR> with autoindent	-	-
org	org-reveal	cmd	done	action reveal (fold.lua:1179)	-	-
org	org-revert-all-org-buffers	cmd	vim	:bufdo e! / :checktime	-	-
org	org-save-all-org-buffers	cmd	done	agenda save_all (agenda/view.lua:2644); :wa	-	-
org	org-schedule	cmd	done	action schedule (timestamps.lua:752)	-	-
org	org-self-insert-command	cmd	vim	stock insert; speed.lua:188; table realign on InsertLeave	no org-table-auto-blank-field	-
org	org-set-effort	cmd	done	action set_effort (properties.lua:391)	-	-
org	org-set-property	cmd	done	action set_property (properties.lua:162)	-	-
org	org-set-property-and-value	cmd	done	action set_property_and_value (properties.lua:200)	-	-
org	org-set-tags-command	cmd	done	action set_tags (tags.lua:563)	-	-
org	org-setup-comments-handling	cmd	na	-	mode-setup internals (commentstring set in buffer.lua:29)	-
org	org-shiftcontroldown	cmd	done	action shift_control_down (context.lua:551)	-	-
org	org-shiftcontrolleft	cmd	done	action todo_prev_sequence (context.lua:538)	-	-
org	org-shiftcontrolright	cmd	done	action todo_next_sequence (context.lua:530)	-	-
org	org-shiftcontrolup	cmd	done	action shift_control_up (context.lua:547)	-	-
org	org-shiftdown	cmd	done	action shift_down (context.lua:509)	-	-
org	org-shiftleft	cmd	done	action shift_left (context.lua:661)	-	-
org	org-shiftmetadown	cmd	done	action shift_meta_down (context.lua:474)	-	-
org	org-shiftmetaleft	cmd	done	action shift_meta_left (context.lua:392)	-	-
org	org-shiftmetaright	cmd	done	action shift_meta_right (context.lua:406)	-	-
org	org-shiftmetaup	cmd	done	action shift_meta_up (context.lua:463)	-	-
org	org-shiftright	cmd	done	action shift_right (context.lua:638)	-	-
org	org-shifttab	cmd	done	action global_cycle (S-Tab) / table_prev_field (insert)	-	-
org	org-shiftup	cmd	done	action shift_up (context.lua:489)	-	-
org	org-show-priority	cmd	na	-	alias of org-priority-show	-
org	org-show-todo-tree	cmd	done	sparse.lua prompt t/T	-	-
org	org-sort	cmd	done	action ctrl_c_caret / sort (structure.lua:1723)	-	-
org	org-sort-entries	cmd	done	action sort (structure.lua:1723)	-	-
org	org-sparse-tree	cmd	done	action sparse_tree (agenda/sparse.lua:191)	-	-
org	org-submit-bug-report	cmd	done	lua/org/bug_report.lua; action bug_report; tests/spec/customize_spec.lua "bug report"	Privacy notice + confirm include config (changed options), subject prompt, report buffer (Neovim/org.nvim/OS versions), vim.ui.open prefilled GitHub issue "[BUG] subject [version]"; vim.ui.open stubbed in tests	-
org	org-switchb	cmd	vim	:buffer completion	-	-
org	org-tags-sparse-tree	cmd	na	-	alias of org-match-sparse-tree	-
org	org-tbl-menu	cmd	done	lua/org/menu_defs.lua table(); tests/spec/menu_spec.lua (order, prefix args Recalculate All)	Neovim menu "Table" in org buffers; C-u entries via counts	-
org	org-time-stamp	cmd	na	-	obsolete alias of org-timestamp	-
org	org-time-stamp-inactive	cmd	na	-	obsolete alias of org-timestamp-inactive	-
org	org-timestamp	cmd	done	action timestamp (timestamps.lua:83)	-	-
org	org-timestamp-down	cmd	done	action shift_down on timestamp (timestamps.lua:397)	-	-
org	org-timestamp-down-day	cmd	done	action shift_left on timestamp	-	-
org	org-timestamp-inactive	cmd	done	action timestamp_inactive (timestamps.lua:87)	-	-
org	org-timestamp-up	cmd	done	action shift_up on timestamp (timestamps.lua:397)	-	-
org	org-timestamp-up-day	cmd	done	action shift_right on timestamp	-	-
org	org-todo	cmd	done	action todo (todo.lua:835)	-	-
org	org-todo-yesterday	cmd	done	-	PROBED: ++1d from 09-24 -> <09-28 ++1d>, LAST_REPEAT [yesterday 23:59] matches Emacs; action + agenda variant registered, specs pass	S
org	org-toggle-comment	cmd	done	action toggle_comment (structure.lua:1883)	-	-
org	org-toggle-custom-properties-visibility	cmd	done	-	PROBED: hides :X: and :y: (case-insens.), keeps :Y+: and others, identical to Emacs; action + spec (needs nvim 0.11)	S
org	org-toggle-fixed-width	cmd	done	action toggle_fixed_width (element.lua:893)	-	-
org	org-toggle-heading	cmd	done	action toggle_heading (structure.lua:1898)	-	-
org	org-toggle-narrow-to-subtree	cmd	done	action narrow_subtree (edit buffer; close it to widen)	-	-
org	org-toggle-ordered-property	cmd	done	action toggle_ordered (properties.lua:430)	-	-
org	org-toggle-pretty-entities	cmd	done	action toggle_pretty_entities	-	-
org	org-toggle-tags-groups	cmd	done	action toggle_tags_groups (tags.lua:195)	-	-
org	org-toggle-time-stamp-overlays	cmd	na	-	obsolete alias of org-toggle-timestamp-overlays	-
org	org-toggle-timestamp-overlays	cmd	done	action toggle_time_stamp_overlays (timestamps.lua:585)	-	-
org	org-toggle-timestamp-type	cmd	done	action toggle_timestamp_type (timestamps.lua:93)	-	-
org	org-transpose-element	cmd	done	action transpose_element (element.lua:697)	-	-
org	org-transpose-words	cmd	vim	stock dawwP idiom	-	-
org	org-tree-to-indirect-buffer	cmd	done	action indirect_subtree (structure.lua:1871)	edit buffer in a split, not indirect buffer	-
org	org-unindent-buffer	cmd	done	-	PROBED: text, list, src block case identical to Emacs; spec	S
org	org-up-element	cmd	done	action up_element (element.lua:486)	-	-
org	org-update-all-dblocks	cmd	done	action dblock_update_all (dblock.lua:191)	-	-
org	org-update-dblock	cmd	done	action dblock_update (dblock.lua:180)	-	-
org	org-update-statistics-cookies	cmd	done	action update_statistics (lists.lua:906)	-	-
org	org-version	cmd	done	-	action version; message + count inserts at point; spec	S
org	org-yank	cmd	vim	stock p; action paste_subtree for level adjustment	no auto-fold of yanked subtree	-
org-compat	org-newline-and-indent	cmd	na	-	compat alias of newline-and-indent	-
org-compat	org-speedbar-set-agenda-restriction	cmd	emacs-only	-	Emacs speedbar	-
org-keys	org-babel-describe-bindings	cmd	done	action babel_describe_bindings	-	-
org-keys	org-speed-command-help	cmd	done	speed.lua:161 (speed key ?)	-	-
org-keys	org-speed-move-safe	cmd	done	speed.lua:19 move_safe	-	-
org-keys	org-up-heading	cmd	done	action goto_parent (structure.lua:2167)	-	-
org-cycle	org-cycle	cmd	done	action cycle (lua/org/fold.lua:963)	TAB subtree cycling, counts for C-u forms	-
org-cycle	org-cycle-content	cmd	done	:Org content (lua/org/fold.lua:793)	CONTENTS view; also S-Tab cycle	-
org-cycle	org-cycle-force-archived	cmd	done	action force_cycle_archived (fold.lua:1056)	<C-c><C-Tab>	-
org-cycle	org-cycle-global	cmd	done	action global_cycle (fold.lua:813)	<S-Tab>, count = levels	-
org-cycle	org-cycle-overview	cmd	done	:Org overview (fold.lua:771)	-	-
org-cycle	org-cycle-set-visibility-according-to-property	cmd	done	fold.lua:1250 apply_visibility_properties; set_startup_visibility	VISIBILITY property applied at startup and on 16<Tab>	-
org-duration	org-duration-set-regexps	cmd	na	-	Emacs regexp cache refresh; units read dynamically	-
org-element	org-element-cache-reset	cmd	na	-	element cache debugging command	-
org-element	org-element-update-syntax	cmd	na	-	re-reads syntax vars; config applied on setup	-
org-entities	org-entities-create-table	cmd	na	-	developer helper to build an entity table for the manual	-
org-entities	org-entities-help	cmd	done	-	action entities_help; help_lines equals Emacs 9.8.10 buffer fixture incl. user entities; spec	S
org-fold	org-fold-hide-block-all	cmd	done	-	PROBED: example block in item, comment, quote with nested src all hidden like Emacs; dynamic blocks in spec	S
org-fold	org-fold-hide-block-toggle	cmd	done	action cycle on #+begin line (fold.lua:980)	TAB on block line toggles	-
org-fold	org-fold-hide-drawer-all	cmd	done	-	PROBED: property drawer, drawer in item hidden, unterminated :FOO: kept, like Emacs; Visual range supported	S
org-fold	org-fold-hide-drawer-toggle	cmd	done	action cycle on drawer line (fold.lua:980)	TAB on drawer line toggles	-
org-fold	org-fold-hide-entry	cmd	done	-	PROBED: hides B's body only (child visible) and the whole preamble before first headline, identical to Emacs	S
org-fold	org-fold-hide-sublevels	cmd	done	action global_cycle with count (fold.lua:813)	N<S-Tab> shows headlines to level N	-
org-fold	org-fold-hide-subtree	cmd	vim	zc on headline / action cycle	headline fold covers the subtree	-
org-fold	org-fold-reveal	cmd	done	action reveal (fold.lua:1179)	<C-c><C-r>, counts 4/16	-
org-fold	org-fold-show-all	cmd	done	:Org show_all (fold.lua:798)	-	-
org-fold	org-fold-show-branches	cmd	done	action show_branches (fold.lua:1105)	<C-c><C-k>	-
org-fold	org-fold-show-children	cmd	done	action show_children (fold.lua:1115)	<C-c><Tab>, count = levels	-
org-fold	org-fold-show-entry	cmd	vim	zo; action reveal shows current entry	no dedicated command; zo/reveal cover it	-
org-fold	org-fold-show-hidden-entry	cmd	vim	zo; action reveal	no dedicated command	-
org-fold	org-fold-show-subtree	cmd	vim	zO; action cycle SUBTREE state	-	-
org-goto	org-goto	cmd	done	-	outline copy in tab, overview, RET/C-g, count switches interface; spec. Minor: jumps to col 0 (Emacs keeps point column)	M
org-goto	org-goto-left	cmd	done	-	<Left> jumps only on headline, warns 'Not on a heading' otherwise, like Emacs; spec	M
org-goto	org-goto-local-auto-isearch	cmd	done	-	printable keys start headline-restricted / search (before tags), like org-goto--local-search-headings; spec	M
org-goto	org-goto-quit	cmd	done	-	<C-g> (q without auto-isearch) quits with 'Quit', cursor unchanged; spec	M
org-goto	org-goto-ret	cmd	done	-	<CR> jumps, m' jumplist, reveal; spec. Emacs keeps the point column, nvim col 0 (minor)	M
org-goto	org-goto-right	cmd	done	-	<Right> like org-goto-right (headline only); spec	M
org-indent	org-indent-indent-buffer	cmd	na	-	internal refresh of org-indent text properties	-
org-indent	org-indent-mode	cmd	done	-	action indent_mode toggles per buffer, fires OrgIndentMode; spec	S
org-inlinetask	org-inlinetask-demote	cmd	done	action demote_heading/meta_right -> inlinetask.change_level (inlinetask.lua:97)	-	-
org-inlinetask	org-inlinetask-insert-task	cmd	done	action inlinetask_insert (inlinetask.lua:53)	<C-c><C-x>t	-
org-inlinetask	org-inlinetask-promote	cmd	done	action promote_heading/meta_left -> inlinetask.change_level (inlinetask.lua:97)	-	-
org-mouse	org-mouse-down-mouse	cmd	done	lua/org/org_mouse.lua click_in_selection + x-mode <LeftMouse>; tests/spec/org_mouse_spec.lua	With org_mouse a click inside the Visual selection keeps it	-
org-mouse	org-mouse-end-headline	cmd	done	org_mouse.end_headline; action mouse_end_headline; org_mouse_spec (Emacs 9.8.10 probe p1.el)		-
org-mouse	org-mouse-insert-checkbox	cmd	done	org_mouse.insert_checkbox; action mouse_insert_checkbox; org_mouse_spec (Emacs probe)	also "Insert Checkboxes" (siblings only, as Emacs)	-
org-mouse	org-mouse-insert-heading	cmd	done	org_mouse.insert_heading; action mouse_insert_heading; org_mouse_spec (Emacs probes p1/p2)		-
org-mouse	org-mouse-move-tree	cmd	done	org_mouse.move_tree; C-drag-mouse-1 (<C-LeftMouse>/<C-LeftRelease>) and right drag with move-tree; org_mouse_spec	Promote/demote on the same line match Emacs 9.8.10 (probe p2.el); drops on stars/text follow org-mouse's documented intent (sibling before / last child) - Emacs 9.8.10 puts the subtree a level too deep and can lose it; documented in org-differences	-
org-mouse	org-mouse-move-tree-start	cmd	done	org_mouse.move_tree_start; action mouse_move_tree_start; on <C-LeftMouse> and agenda <RightMouse>	shows Emacs's message	-
org-mouse	org-mouse-remove-match-and-spaces	cmd	done	org_mouse.remove_match_and_spaces; used by None/Remove/Cut link entries; org_mouse_spec (Emacs probes)	helper needing match data in Emacs; here exposed through the menu entries	-
org-mouse	org-mouse-show-context-menu	cmd	done	org_mouse.context_items/show_context_menu/right_press/right_release, agenda_context_menu; action mouse_context_menu; org_mouse_spec	all contexts of org-mouse-context-menu incl. agenda (remote headline menu, agenda menu, C-wheel, drag gesture); popups via :popup ]OrgMouse; radio/toggle items marked (*)/[X]; planning keyword replace works (Emacs 9.8.10 errors: void-variable org-mouse-rest)	-
org-mouse	org-mouse-show-headlines	cmd	done	org_mouse.show_headlines (fold.content); action mouse_show_headlines; org_mouse_spec		-
org-mouse	org-mouse-show-overview	cmd	done	org_mouse.show_overview (fold.overview); action mouse_show_overview; org_mouse_spec		-
org-mouse	org-mouse-timestamp-today	cmd	done	org_mouse.timestamp_today; action mouse_timestamp_today; org_mouse_spec "Set for Tomorrow"	date prompt then org-timestamp-change like Emacs	-
org-mouse	org-mouse-transform-to-outline	cmd	done	org_mouse.transform_to_outline; action mouse_transform_to_outline; org_mouse_spec (Emacs probe)		-
org-mouse	org-mouse-yank-link	cmd	done	org_mouse.yank_link; <S-MiddleMouse> and right drag (yank-link feature); org_mouse_spec (Emacs probe)	uses the unnamed register as the last kill	-
org-num	org-num-mode	cmd	done	action num_mode (ui/decorations.lua:478)	:Org num_mode	-
org-persist	org-persist-associated-files:elisp	cmd	na	-	org-persist cache internals	-
org-persist	org-persist-associated-files:elisp-data	cmd	na	-	org-persist cache internals	-
org-persist	org-persist-associated-files:index	cmd	na	-	org-persist cache internals	-
org-persist	org-persist-associated-files:version	cmd	na	-	org-persist cache internals	-
org-persist	org-persist-gc:elisp	cmd	na	-	org-persist cache internals	-
org-persist	org-persist-gc:elisp-data	cmd	na	-	org-persist cache internals	-
org-persist	org-persist-gc:file	cmd	na	-	org-persist cache internals	-
org-persist	org-persist-gc:index	cmd	na	-	org-persist cache internals	-
org-persist	org-persist-gc:url	cmd	na	-	org-persist cache internals	-
org-persist	org-persist-gc:version	cmd	na	-	org-persist cache internals	-
org-persist	org-persist-write:elisp-data	cmd	na	-	org-persist cache internals	-
org-persist	org-persist-write:version	cmd	na	-	org-persist cache internals	-
org	org-M-RET-may-split-line	opt	done	meta_return_split_line (config/tables.lua:87)	-	-
org	org-activate-links	opt	vim	syntax.lua link highlighting (OrgLink)	all link types highlighted; per-type switch via highlight groups only	-
org	org-adapt-indentation	opt	done	-	'headline-data' read by indent.lua/structure relevel; demote/promote + indent fixtures from Emacs; also probed odd-level relevel	S
org	org-after-note-stored-hook	opt	done	edit.note_stored	fixed after verification: clock-out notes fire OrgNoteStored (e095b28)	S
org	org-after-todo-state-change-hook	opt	done	User autocmd OrgTodoStateChange (todo.lua:637)	-	-
org	org-agenda-file-regexp	opt	done	utils.lua:429; agenda_files globs (config/todo.lua:17)	fixed ^[^.].*\.org$ for dirs; glob patterns give custom matching	-
org	org-agenda-files	opt	done	agenda_files (config/todo.lua:17)	-	-
org	org-agenda-ignore-properties	opt	na	-	Emacs agenda performance knob	-
org	org-agenda-inhibit-startup	opt	na	-	Emacs agenda performance knob	-
org	org-agenda-jump-prefer-future	opt	done	agenda goto_date via read_date_prefer_future (agenda/view.lua:2188)	follows read_date_prefer_future = Emacs default	-
org	org-agenda-multi-occur-extra-files	opt	done	-	agenda.occur adds text_search_extra_files (defvaralias in Emacs); spec checks 2 matches; agenda-archives accepted anywhere, Emacs only as car	S
org	org-agenda-skip-archived-trees	opt	done	agenda/items.lua:295; agenda va archives mode	skipped by default; va toggles instead of an option	-
org	org-agenda-skip-unavailable-files	opt	done	-	check_agenda_files prompts R/A like org-check-agenda-file, silent with option; spec covers both; iterates list from the end	S
org	org-agenda-text-search-extra-files	opt	done	agenda.text_search_extra_files (config/buffer.lua:241)	-	-
org	org-allow-promoting-top-level-subtree	opt	done	-	PROBED: promote subtree with adapt t -> '# A', body kept, children promoted: identical to Emacs; spec	S
org	org-archive-location	opt	done	archive_location (config/buffer.lua:33)	-	-
org	org-auto-align-tags	opt	done	-	PROBED: org-toggle-tag with nil on "* Head     :a:" collapses to "* Head :a:b:" in both; read in edit/structure/capture	S
org	org-babel-load-languages	opt	done	babel.languages (config/capture.lua:21)	-	-
org	org-blank-before-new-entry	opt	done	blank_before_new_entry (config/tables.lua:83)	-	-
org	org-bookmark-names-plist	opt	done	-	bookmark_names read by bookmarks.set; refile/capture save + goto_last fallback + bookmark_jump; spec	S
org	org-calendar-follow-timestamp-change	opt	emacs-only	-	org.nvim's calendar (goto_calendar, date prompts) is a modal picker (getcharstr loop): it can never be visible while a timestamp is changed with S-arrows, so there is nothing to follow; documented under org-differences	-
org	org-cdlatex-mode-hook	opt	emacs-only	-	cdlatex is an Emacs package	-
org	org-clone-delete-id	opt	done	clone_delete_id (config/tables.lua:90)	-	-
org	org-closed-keep-when-no-todo	opt	done	closed_keep_when_no_todo (config/todo.lua:71)	-	-
org	org-columns-default-format	opt	done	columns_default_format (config/tables.lua:49)	-	-
org	org-columns-default-format-for-agenda	opt	done	agenda.overriding_columns_format (agenda/columns.lua:43)	same precedence over file COLUMNS	-
org	org-columns-ellipses	opt	done	-	columns.lua add_ellipses reads columns_ellipses, same 3 cases as org-columns-add-ellipses; used by agenda columns too; columns_ellipses_spec	S
org	org-columns-skip-archived-trees	opt	na	-	Only the defcustom exists in Org 9.8.10 (grep of all .el); nothing reads it, so no behaviour to match	S
org	org-complete-tags-always-offer-all-agenda-tags	opt	done	complete_tags_always_offer_all_agenda_tags (config/tags.lua:12)	-	-
org	org-ctrl-k-protect-subtree	opt	done	-	error/confirm on closed fold with Emacs message; kill of hidden subtree; spec	S
org	org-custom-properties	opt	done	-	PROBED with toggle: config.custom_properties read by properties.lua/fold.lua; case-insensitive match like Emacs	S
org	org-deadline-warning-days	opt	done	deadline_warning_days (config/buffer.lua:15)	-	-
org	org-default-notes-file	opt	done	default_notes_file (config/todo.lua:20)	-	-
org	org-default-priority	opt	done	priority_default (config/todo.lua:121)	obsolete alias	-
org	org-directory	opt	done	org_directory (config/todo.lua:11)	-	-
org	org-display-custom-times	opt	done	display_custom_times (config/buffer.lua:29)	-	-
org	org-edit-keep-region	opt	done	-	keep_region read for meta_left/right (context) and meta_up/down (move_region); t/nil/per-command like org--deactivate-mark; spec	S
org	org-edit-timestamp-down-means-later	opt	done	-	PROBED: with t S-Down on hour -> 11:00, S-Up on year -> 2025 in both; priorities unaffected; spec	S
org	org-ellipsis	opt	done	ellipsis (config/tables.lua:80)	-	-
org	org-emphasis-alist	opt	vim	OrgBold/OrgItalic... highlight groups	faces via highlight groups; markers fixed (Emacs discourages changing them)	-
org	org-enable-priority-commands	opt	done	-	obsolete alias of org-priority-enable-commands; same option priority_enable_commands, read in priority.enabled	S
org	org-enforce-todo-checkbox-dependencies	opt	done	enforce_todo_checkbox_dependencies (config/todo.lua:42)	-	-
org	org-enforce-todo-dependencies	opt	done	enforce_todo_dependencies (config/todo.lua:40)	-	-
org	org-export-backends	opt	na	-	load-time back-end selection; all back-ends always available	-
org	org-extend-today-until	opt	done	extend_today_until (config/todo.lua:105)	-	-
org	org-fast-tag-selection-maximum-tags	opt	done	-	fast_table counts keyed/grouped tags and decrements before display exactly like org-fast-tag-selection; spec checks shown tags	S
org	org-fast-tag-selection-single-key	opt	done	fast_tag_selection_single_key (config/todo.lua:128)	-	-
org	org-file-apps	opt	done	links.file_apps (config/agenda.lua:260)	-	-
org	org-fontify-done-headline	opt	done	ui.fontify_done_headline (config/links.lua:122)	-	-
org	org-fontify-emphasized-text	opt	vim	OrgBold etc. highlight groups	link groups to Normal to disable	-
org	org-fontify-todo-headline	opt	done	syntax.lua orgHeadlineTodo	fixed after verification: covers priority, cookies, tags, links (aaa64fa)	S
org	org-fontify-whole-block-delimiter-line	opt	vim	OrgBlockDelimiter highlight group	fontification knob	-
org	org-fontify-whole-heading-line	opt	vim	OrgHeadlineLevelN highlight groups	fontification knob	-
org	org-format-latex-header	opt	done	ui.latex_preview.header (config/links.lua:207)	-	-
org	org-format-latex-options	opt	done	ui.latex_preview.scale/foreground/background (config/links.lua:196)	-	-
org	org-format-latex-signal-error	opt	na	-	agree: only the defcustom in org.el:3386, never read in Org 9.8.10	S
org	org-get-priority-function	opt	done	-	obsolete alias of org-priority-get-priority-function; same option	S
org	org-global-properties	opt	done	global_properties (config/tags.lua:29)	-	-
org	org-group-tags	opt	done	group_tags (config/todo.lua:125)	-	-
org	org-hidden-keywords	opt	done	-	PROBED: '#+title:' and '#+AUTHOR:' concealed up to the colon, space/value shown, identical to Emacs	S
org	org-hide-emphasis-markers	opt	done	ui.hide_emphasis_markers (config/links.lua:85)	-	-
org	org-hide-leading-stars	opt	done	ui.hide_leading_stars (config/links.lua:88)	-	-
org	org-hide-macro-markers	opt	done	-	PROBED: {{{ and }}} concealed, macro name/args shown with macro face, identical to Emacs	S
org	org-hierarchical-todo-statistics	opt	done	hierarchical_todo_statistics (config/todo.lua:68)	-	-
org	org-highest-priority	opt	done	priority_highest (config/todo.lua:119)	obsolete alias	-
org	org-highlight-latex-and-related	opt	done	-	latex/native/script/entities read in syntax.lua, default {} like Emacs; spec per kind	S
org	org-highlight-links	opt	vim	OrgLink highlight group	all link types highlighted	-
org	org-highlight-sparse-tree-matches	opt	vim	OrgSparseMatch (agenda/sparse.lua:75)	link group to Normal to disable	-
org	org-image-actual-width	opt	done	ui.images.actual_width (config/links.lua:160)	-	-
org	org-indirect-buffer-display	opt	done	structure.tree_to_indirect_buffer	fixed after verification: dedicated-frame narrows, other-window reuses (8e5f474)	S
org	org-insert-heading-hook	opt	done	-	User OrgInsertHeading at end of insert_heading_at_point, like run-hooks at end of org-insert-heading; spec	S
org	org-insert-heading-respect-content	opt	done	-	PROBED: M-RET from child heading and from body text insert after subtree, identical to Emacs	S
org	org-insert-mode-line-in-empty-file	opt	done	-	inserts Emacs mode line on empty non-.org buffer set to org; modeline detection in plugin/org.lua; spec (Emacs: interactive only)	S
org	org-latex-default-packages-alist	opt	done	export.latex.default_packages (config/misc.lua:13)	-	-
org	org-latex-mathml-directory	opt	done	-	odt.mathml_cache_file read by latex_to_mathml_cached; sha1 of prin1 (frag cmd) checked in Emacs (058282f5...); spec covers cache hit/miss	S
org	org-latex-packages-alist	opt	done	export.latex.packages (config/misc.lua:14)	-	-
org	org-latex-to-html-convert-command	opt	done	-	PROBED: tex:html with echo command: body HTML identical to Emacs 9.8.10 (fragments converted, environments verbatim in equation span)	S
org	org-latex-to-mathml-convert-command	opt	done	export.odt.latex_to_mathml_convert_command (config/links.lua:45)	-	-
org	org-latex-to-mathml-jar-file	opt	done	export.odt.latex_to_mathml_jar_file (config/links.lua:46)	-	-
org	org-level-color-stars-only	opt	done	-	PROBED: '** ' level colour, TODO/tags keep faces, title uncoloured, like Emacs	S
org	org-log-buffer-setup-hook	opt	done	-	User OrgLogBufferSetup fired in utils.input_note when *Org Note* opens; spec checks bufnr/purpose	S
org	org-log-done	opt	done	log_done (config/todo.lua:73)	-	-
org	org-log-done-with-time	opt	done	-	todo.change_state drops time from CLOSED only (as org-add-planning-info); spec	S
org	org-log-into-drawer	opt	done	log_into_drawer (config/todo.lua:82)	-	-
org	org-log-note-clock-out	opt	done	log_note_clock_out (config/todo.lua:80)	-	-
org	org-log-note-headings	opt	done	log_note_headings (config/todo.lua:92)	-	-
org	org-log-redeadline	opt	done	log_redeadline (config/todo.lua:78)	-	-
org	org-log-repeat	opt	done	log_repeat (config/todo.lua:75)	-	-
org	org-log-reschedule	opt	done	log_reschedule (config/todo.lua:77)	-	-
org	org-log-state-notes-insert-after-drawers	opt	done	-	log_beginning ports org-log-beginning incl. blank lines/non-reversed; spec expectations from Emacs probes	S
org	org-log-state-notes-into-drawer	opt	done	log_into_drawer (config/todo.lua:82)	obsolete alias	-
org	org-log-states-order-reversed	opt	done	log_states_order_reversed (config/todo.lua:84)	-	-
org	org-loop-over-headlines-in-active-region	opt	done	loop_over_headlines_in_active_region (config/todo.lua:114)	-	-
org	org-lowest-priority	opt	done	priority_lowest (config/todo.lua:120)	obsolete alias	-
org	org-mark-ring-length	opt	vim	action mark_ring_goto uses the jumplist (links.lua:2937)	Vim jumplist length	-
org	org-mode-hook	opt	vim	FileType org autocmd / after/ftplugin	stock Neovim mechanism	-
org	org-modules	opt	na	-	load-time module list; features have their own options (tempo, inlinetask_min_level, attach.git...)	-
org	org-occur-case-fold-search	opt	done	-	t/nil/smart (isearch-no-upper-case-p style, \W ignored) read by sparse.regexp; spec	S
org	org-occur-hook	opt	done	-	OrgOccur fired after occur-type searches only, like run-hooks in org-occur; spec	S
org	org-odd-levels-only	opt	done	odd_levels_only (config/tables.lua:93)	-	-
org	org-open-directory-means-index-dot-org	opt	done	-	open_file_link appends /index.org to directories like org-open-file; spec	S
org	org-open-non-existing-files	opt	done	-	"No such file" for non-Emacs apps only, as org-open-file (Emacs opener never errors); spec	S
org	org-popup-calendar-for-date-prompt	opt	done	-	obsolete alias honoured in calendar.popup_calendar; spec	S
org	org-pretty-entities	opt	done	ui.pretty_entities (config/links.lua:98)	-	-
org	org-pretty-entities-include-sub-superscripts	opt	done	ui.pretty_entities_include_sub_superscripts (config/links.lua:101)	-	-
org	org-preview-latex-default-process	opt	done	ui.latex_preview.process (config/links.lua:189)	-	-
org	org-preview-latex-image-directory	opt	done	ui.latex_preview.image_directory (config/links.lua:211)	-	-
org	org-preview-latex-process-alist	opt	done	ui.latex_preview.processes (config/links.lua:195)	-	-
org	org-priority-default	opt	done	priority_default (config/todo.lua:121)	-	-
org	org-priority-enable-commands	opt	done	-	priority.set/shift refuse with warning, S-Up falls back; spec	S
org	org-priority-get-priority-function	opt	done	-	used by priority.get_priority/show and agenda priority_value; gets headline not agenda line (documented difference)	S
org	org-priority-highest	opt	done	priority_highest (config/todo.lua:119)	-	-
org	org-priority-lowest	opt	done	priority_lowest (config/todo.lua:120)	-	-
org	org-priority-start-cycle-with-default	opt	done	-	PROBED: default A up -> "default can not be set" error, down -> [#B]; same logic as org-priority source	S
org	org-properties-postprocess-alist	opt	done	-	applied in properties.set_property, name matched case-insensitively like assoc-string; spec	S
org	org-property-format	opt	done	property_format (config/tags.lua:27)	-	-
org	org-property-separators	opt	done	-	parser.property_separator, lists and regexps; spec values from Emacs probe	S
org	org-provide-todo-statistics	opt	done	provide_todo_statistics (config/todo.lua:65)	-	-
org	org-read-date-display-live	opt	done	-	PROBED: read_date_analyze futurep matched org-read-date-analyze for 14 inputs; live redraw on CmdlineChanged; spec	S
org	org-read-date-force-compatible-dates	opt	na	-	Emacs time-representation compat limits (1970-2037)	-
org	org-read-date-popup-calendar	opt	done	-	plain "Date+time [default]: " input prompt, empty = default; spec	S
org	org-read-date-prefer-future	opt	done	read_date_prefer_future (config/buffer.lua:23)	-	-
org	org-remove-highlights-with-change	opt	done	-	gates clear-on-change for occur and clock display (Emacs: org-occur + org-clock); spec	S
org	org-resource-download-policy	opt	done	-	should_fetch mirrors org--should-fetch-remote-resource-p for #+INCLUDE URLs; remote SETUPFILE unsupported (documented); spec	S
org	org-reverse-note-order	opt	done	refile.reverse_note_order (config/agenda.lua:69)	-	-
org	org-safe-remote-resources	opt	done	-	matched against URL or file:// of requester like org--safe-remote-resource-p; Vim regex syntax, saved answers; spec	S
org	org-scheduled-delay-days	opt	done	-	PROBED: value 1 hides today/yesterday-1d cases, cookie -4d wins: only 'Sched. 1x: T1' in both; org-get-wdays negative override coded	S
org	org-self-insert-cluster-for-undo	opt	vim	Vim undo per Insert session	stock undo granularity	-
org	org-sparse-tree-default-date-type	opt	done	-	read in sparse.lua dated/dates and menu cycle; spec table generated from Emacs probe of all ts types	S
org	org-sparse-tree-open-archived-trees	opt	done	-	sparse.show hides archived subtrees unless set; spec	S
org	org-special-ctrl-a	opt	done	-	agree: defvaralias of org-special-ctrl-a/e in Emacs; same option special_ctrl_a_e	S
org	org-special-ctrl-a/e	opt	done	-	t/reversed/per-key read in lineedit.lua; columns match Emacs in spec; no default keys (Vim keys taken), actions exist	S
org	org-special-ctrl-k	opt	done	-	PROBED: kill mid-title (tags realigned) and before tags, text + kill ring identical to Emacs	S
org	org-special-ctrl-o	opt	done	actions table_insert_row / shift_meta_down	row insertion exists (not on open-line)	-
org	org-src-fontify-natively	opt	done	ui.src_highlight (config/links.lua:125)	-	-
org	org-startup-align-all-tables	opt	done	-	table.lua attach reads option and #+STARTUP align/noalign; spec covers #+STARTUP: align (option shares the same line of code)	S
org	org-startup-folded	opt	done	startup_folded (config/tables.lua:56)	-	-
org	org-startup-indented	opt	done	ui.indent_mode (config/links.lua:95)	-	-
org	org-startup-numerated	opt	done	ui.num (config/links.lua:107)	-	-
org	org-startup-shrink-all-tables	opt	done	startup_shrink_all_tables (config/tags.lua:59)	-	-
org	org-startup-truncated	opt	vim	'wrap' option	stock Neovim option	-
org	org-startup-with-beamer-mode	opt	done	-	buffer.lua attach calls beamer_mode.setup_buffer; option and #+STARTUP: beamer both spec'd	M
org	org-startup-with-inline-images	opt	done	ui.images.startup (config/links.lua:173)	obsolete alias	-
org	org-startup-with-latex-preview	opt	done	ui.latex_preview.startup (config/links.lua:216)	-	-
org	org-startup-with-link-previews	opt	done	ui.images.startup (config/links.lua:173)	-	-
org	org-structure-template-alist	opt	done	structure_template_alist (config/tables.lua:126)	-	-
org	org-support-shift-select	opt	vim	Visual mode / 'keymodel'	selection is Visual mode in Neovim	-
org	org-tag-alist	opt	done	tags (config/tags.lua:15)	-	-
org	org-tag-persistent-alist	opt	done	-	PROBED: persistent @home(h) work + #+TAGS work(w) misc -> @home(h) work(w) misc in both; noptag honoured	S
org	org-tags-column	opt	done	tags_column (config/tags.lua:17)	-	-
org	org-tags-exclude-from-inheritance	opt	done	tags_exclude_from_inheritance (config/tags.lua:22)	-	-
org	org-tags-match-list-sublevels	opt	done	agenda.tags_match_list_sublevels (config/buffer.lua:110)	-	-
org	org-tags-sort-function	opt	done	tags_sort_function	fixed after verification: "hierarchy", string</>, org-tags-sort hand-off (4c21559)	S
org	org-time-stamp-custom-formats	opt	done	time_stamp_custom_formats (config/buffer.lua:30)	obsolete alias	-
org	org-time-stamp-rounding-minutes	opt	done	time_stamp_rounding_minutes (config/buffer.lua:19)	-	-
org	org-timestamp-custom-formats	opt	done	time_stamp_custom_formats (config/buffer.lua:30)	-	-
org	org-timestamp-rounding-minutes	opt	done	time_stamp_rounding_minutes (config/buffer.lua:19)	-	-
org	org-todo-interpretation	opt	na	-	obsolete compat knob superseded by todo_keywords types	-
org	org-todo-keywords	opt	done	todo_keywords (config/todo.lua:29)	-	-
org	org-todo-repeat-hook	opt	done	User autocmd OrgTodoRepeat (todo.lua:637)	-	-
org	org-todo-repeat-to-state	opt	done	todo_repeat_to_state (config/todo.lua:33)	-	-
org	org-todo-state-tags-triggers	opt	done	todo_state_tags_triggers (config/todo.lua:38)	-	-
org	org-track-ordered-property-with-tag	opt	done	-	properties.toggle_ordered adds/removes tag (t -> ORDERED or custom string); spec	S
org	org-treat-S-cursor-todo-selection-as-state-change	opt	done	-	todo.shift skips logging/CLOSED/blocking but keeps repeat handling; spec	S
org	org-treat-insert-todo-heading-as-state-change	opt	done	-	structure.meta_return_heading logs via change_state; spec	S
org	org-use-effective-time	opt	done	use_effective_time (config/todo.lua:108)	-	-
org	org-use-fast-tag-selection	opt	done	-	auto needs a keyed tag, t uses buffer tags when none defined (matches org-set-tags-command); spec	S
org	org-use-fast-todo-selection	opt	done	use_fast_todo_selection (config/todo.lua:60)	-	-
org	org-use-last-clock-out-time-as-effective-time	opt	done	-	date.effective_now/last_clock_out used for CLOSED, notes; spec incl. child clock	S
org	org-use-property-inheritance	opt	done	use_property_inheritance (config/tags.lua:25)	-	-
org	org-use-sub-superscripts	opt	done	ui.use_sub_superscripts (config/links.lua:104)	-	-
org	org-use-tag-inheritance	opt	done	use_tag_inheritance (config/tags.lua:20)	-	-
org	org-yank-adjusted-subtrees	opt	done	-	PROBED: adjusted level before next headline unfolded, before headline folded, identical to Emacs; spec	S
org	org-yank-dnd-default-attach-method	opt	done	-	yank.lua attach_file reads dnd_default_attach_method for 'private' action, else attach.method; yank_media_spec drop test (mv) matches org--dnd-attach-file	M
org	org-yank-dnd-method	opt	done	-	handle_file attach/open/file-link/ask like org--dnd-local-file-handler; vim.paste hook; yank_media_spec covers ask, attach, file-link	M
org	org-yank-folded-subtrees	opt	done	-	PROBED: folds put subtree, refuses with Emacs message when it would swallow text; p/P mapped by default; spec	S
org	org-yank-image-file-name-function	opt	done	-	save_image calls function, default clipboard-%Y%m%dT%H%M%S.%6N; spec uses custom fn and checks default name pattern	M
org	org-yank-image-save-method	opt	done	-	image_dir attach|dir|function, dir expanded; spec: dir link [[file:img/shot.png]], attach [[attachment:..][..]] + ATTACH tag	M
org-compat	org-calendar-insert-diary-entry-key	opt	done	config calendar_insert_diary_entry_key; calendar.calendar_keys + diary_entry.calendar_entry; tests/spec/imenu_calendar_keys_spec.lua	key in the goto_calendar picker, active when agenda.diary_entry_file is an Org file (like Emacs); `t` still types dates	-
org-compat	org-calendar-to-agenda-key	opt	done	config calendar_to_agenda_key ("default" = c / key / false); calendar.pick; imenu_calendar_keys_spec		-
org-compat	org-imenu-depth	opt	done	config ui.imenu_depth; goto.imenu_index/imenu; action imenu on gO; imenu_calendar_keys_spec (Emacs probe p4.el)	imenu index shown in the location list like gO in help/markdown; reduced levels, headline text as org-get-heading t t t t	-
org-cycle	org-cycle-emulate-tab	opt	done	cycle_emulate_tab (config/tables.lua:105)	-	-
org-cycle	org-cycle-global-at-bob	opt	done	-	bob, col 0, not on headline -> global cycle like Emacs; messages/hooks in spec	S
org-cycle	org-cycle-hide-block-startup	opt	done	hide_block_startup (config/tables.lua:62)	-	-
org-cycle	org-cycle-hide-drawer-startup	opt	done	hide_drawer_startup (config/tables.lua:59)	-	-
org-cycle	org-cycle-hook	opt	done	-	OrgCycle with Emacs states for local and global cycling; spec	S
org-cycle	org-cycle-inline-images-display	opt	done	ui.images.cycle_display (config/links.lua:176)	obsolete alias	-
org-cycle	org-cycle-level-after-item/entry-creation	opt	done	action insert_tab (context.lua:253)	-	-
org-cycle	org-cycle-link-previews-display	opt	done	ui.images.cycle_display (config/links.lua:176)	-	-
org-cycle	org-cycle-max-level	opt	done	-	deeper headlines treated as text, inlinetask default, positive int check; spec. odd_levels_only only from config, not #+STARTUP	S
org-cycle	org-cycle-open-archived-trees	opt	done	cycle_open_archived_trees (config/tables.lua:65)	-	-
org-cycle	org-cycle-pre-hook	opt	done	-	OrgCyclePre incl. 'empty', same call sites as org-cycle.el; spec	S
org-cycle	org-cycle-separator-lines	opt	done	cycle_separator_lines (config/tables.lua:108)	-	-
org-cycle	org-cycle-skip-children-state-if-no-children	opt	done	-	PROBED: headline without body/children and CHILDREN/SUBTREE/FOLDED sequence match Emacs	S
org-cycle	org-hide-block-startup	opt	done	hide_block_startup (config/tables.lua:62)	-	-
org-cycle	org-hide-drawer-startup	opt	done	hide_drawer_startup (config/tables.lua:59)	-	-
org-cycle	org-pre-cycle-hook	opt	done	-	agree: defvaralias of org-cycle-pre-hook; same OrgCyclePre event	S
org-duration	org-duration-format	opt	done	duration_format (config/tables.lua:44)	-	-
org-duration	org-duration-units	opt	done	duration_units (config/tables.lua:48)	-	-
org-entities	org-entities-user	opt	done	-	apply_user patches display/completion/export tables; HTML/ASCII export and removal in spec	S
org-faces	org-agenda-deadline-faces	opt	done	-	PROBED: D0/D-2 imminent, D3/D7 upcoming, D8/D14/-5d cookie distant in Emacs and nvim; assoc-default <= logic identical	S
org-faces	org-cycle-level-faces	opt	vim	OrgHeadlineLevel1..8 (highlights.lua:159)	faces cycle over 8 groups; relink groups to change	-
org-faces	org-faces-easy-properties	opt	vim	highlights.lua hl_from_face	face specs are highlight tables/groups	-
org-faces	org-fontify-quote-and-verse-blocks	opt	vim	OrgQuoteBlock / OrgVerse groups	fontification via highlight groups	-
org-faces	org-n-level-faces	opt	vim	OrgHeadlineLevel1..8	link groups to reduce distinct faces	-
org-faces	org-priority-faces	opt	done	ui.priority_faces (config/links.lua:131)	-	-
org-faces	org-tag-faces	opt	done	ui.tag_faces (config/links.lua:134)	-	-
org-faces	org-todo-keyword-faces	opt	done	ui.todo_keyword_faces (config/links.lua:128)	-	-
org-fold	org-fold-catch-invisible-edits	opt	done	catch_invisible_edits (config/tables.lua:112)	-	-
org-fold	org-fold-catch-invisible-edits-commands	opt	done	-	per-command kinds read by fold.check_invisible_edit_command; spec; Normal-mode edits limitation documented	S
org-fold	org-fold-show-context-detail	opt	done	fold_show_context_detail	fixed after verification: org-goto context in goto.lua (71b8ecd)	S
org-fold-core	org-fold-core-style	opt	na	-	Emacs folding implementation (text props vs overlays)	-
org-goto	org-goto-auto-isearch	opt	done	-	true: typing searches; false: n p f b u q maps, like org-goto--set-map; spec	M
org-goto	org-goto-interface	opt	done	-	outline default / outline-path-completion, count swaps; spec	M
org-goto	org-goto-max-level	opt	done	-	filters completion headlines by level; spec	S
org-indent	org-indent-boundary-char	opt	vim	inline virt_text prefix (ui/decorations.lua:291)	no boundary char needed with virtual text	-
org-indent	org-indent-indentation-per-level	opt	done	-	PROBED: Emacs line-prefix lengths for 2/3/0 = (0 2 1 4 2 6)/(0 2 2 5 4 8)/zeros, same as spec's nvim prefixes	S
org-indent	org-indent-mode-hook	opt	done	-	OrgIndentMode User autocmd on toggle/startup; spec	S
org-indent	org-indent-mode-turns-off-org-adapt-indentation	opt	done	-	decorations.adapt_indentation read by edit/indent/structure; spec	S
org-indent	org-indent-mode-turns-on-hiding-stars	opt	done	ui/decorations.lua:66	always on, like the Emacs default	-
org-indent	org-indent-post-buffer-init-functions	opt	na	-	org-indent async init internals	-
org-inlinetask	org-inlinetask-default-state	opt	done	inlinetask_default_state (config/tables.lua:123)	-	-
org-inlinetask	org-inlinetask-min-level	opt	done	inlinetask_min_level (config/tables.lua:121)	-	-
org-inlinetask	org-inlinetask-show-first-star	opt	done	-	first star with OrgInlinetaskFirstStar, rest hidden, indent-mode prefix; spec	S
org-keys	org-CUA-compatible	opt	vim	mappings.* config	any key can be remapped; obsolete alias	-
org-keys	org-disputed-keys	opt	vim	mappings.* config	any key can be remapped	-
org-keys	org-follow-link-hook	opt	done	-	OrgFollowLink from context.open_at_point, entry links, TAB, mouse (no double firing); spec	S
org-keys	org-mouse-1-follows-link	opt	done	-	mouse.attach maps per setting (ms/t/double/nil); timing logic unit-tested; real clicks untestable headless	S
org-keys	org-replace-disputed-keys	opt	vim	mappings.* config	any key can be remapped	-
org-keys	org-return-follows-link	opt	done	mappings.org.open_at_point <CR> (config/mobile.lua:31)	<CR> follows links in Normal mode	-
org-keys	org-speed-command-hook	opt	done	-	hook list of Emacs names or Lua fns tried in order; Babel keys at #+begin_src; spec	S
org-keys	org-speed-commands	opt	done	speed_commands (speed.lua:60)	-	-
org-keys	org-tab-follows-link	opt	done	-	fold.cycle follows the link at point via context.open_at_point; spec	S
org-keys	org-use-extra-keys	opt	vim	mappings.* config	alternative keys configurable	-
org-keys	org-use-speed-commands	opt	done	use_speed_commands (config/tables.lua:115)	-	-
org-macs	org-sort-function	opt	done	-	utils.string_lessp used by entry/list sort, table sort, agenda; fallback = compare-strings (upcase); function; spec	S
org-mouse	org-mouse-features	opt	done	config mouse.features (Emacs default list); org_mouse.feature; org_mouse_spec	org-mouse itself gated by mouse.org_mouse=false (Emacs module is opt-in)	-
org-mouse	org-mouse-punctuation	opt	emacs-only	-	only used when text is dropped on the buffer (dnd-insert-text advice); Neovim has no text-drop event (a drop in a terminal arrives as a paste indistinguishable from any paste), so there is nothing to hook; documented in org-differences	-
org-num	org-num-face	opt	done	ui.num_face (ui/decorations.lua:327)	undocumented option	-
org-num	org-num-format-function	opt	done	ui.num_format_function (config/links.lua:120)	-	-
org-num	org-num-max-level	opt	done	ui.num_max_level (config/links.lua:109)	-	-
org-num	org-num-mode-hook	opt	done	-	OrgNumMode User autocmd on toggle; spec	S
org-num	org-num-skip-commented	opt	done	ui.num_skip_commented (config/links.lua:111)	-	-
org-num	org-num-skip-footnotes	opt	done	ui.num_skip_footnotes (config/links.lua:113)	-	-
org-num	org-num-skip-tags	opt	done	ui.num_skip_tags (config/links.lua:115)	-	-
org-num	org-num-skip-unnumbered	opt	done	ui.num_skip_unnumbered (config/links.lua:117)	-	-
org-persist	org-persist-default-expiry	opt	na	-	org-persist cache internals	-
org-persist	org-persist-directory	opt	na	-	org-persist cache internals	-
org-persist	org-persist-remote-files	opt	na	-	org-persist cache internals	-
org-tempo	org-tempo-keywords-alist	opt	done	tempo_keywords (config/tables.lua:143)	-	-
org-agenda	org-agenda	cmd	done	actions.agenda / agenda/init.lua:543	dispatcher with a t T m M s S n # / e ? * < > and custom commands	-
org-agenda	org-agenda-Quit	cmd	done	mappings.agenda.quit_kill (config/export.lua:71)	Q	-
org-agenda	org-agenda-add-note	cmd	done	mappings.agenda.add_note (config/export.lua:123)	z	-
org-agenda	org-agenda-append-agenda	cmd	done	mappings.agenda.append (config/export.lua:164)	A	-
org-agenda	org-agenda-archive	cmd	done	mappings.agenda.archive (config/export.lua:117)	$	-
org-agenda	org-agenda-archive-default	cmd	done	-	archive_default runs archive_default_command without asking, a asks 'Archive this subtree or entry? '; matches org-agenda-archive-with; spec	S
org-agenda	org-agenda-archive-default-with-confirmation	cmd	done	mappings.agenda.archive_default (config/export.lua:118)	a (archives subtree)	-
org-agenda	org-agenda-archive-to-archive-sibling	cmd	done	mappings.agenda.archive_sibling (config/export.lua:119)	C-c C-x A	-
org-agenda	org-agenda-archive-with	cmd	na	-	internal helper taking a command argument; user-facing archive keys are covered	-
org-agenda	org-agenda-archives-mode	cmd	done	mappings.agenda.archives_mode (config/export.lua:129)	va / vA	-
org-agenda	org-agenda-backward-block	cmd	done	mappings.agenda.backward_block (config/export.lua:161)	C-Up	-
org-agenda	org-agenda-bulk-action	cmd	done	mappings.agenda.bulk_action (config/export.lua:155)	B	-
org-agenda	org-agenda-bulk-mark	cmd	done	mappings.agenda.mark (config/export.lua:148)	m	-
org-agenda	org-agenda-bulk-mark-all	cmd	done	mappings.agenda.mark_all (config/export.lua:152)	*	-
org-agenda	org-agenda-bulk-mark-regexp	cmd	done	mappings.agenda.mark_regexp (config/export.lua:154)	%	-
org-agenda	org-agenda-bulk-remove-overlays	cmd	na	-	removes mark overlays but keeps markers; internal display helper	-
org-agenda	org-agenda-bulk-toggle	cmd	done	mappings.agenda.toggle_mark (config/export.lua:151)	M-m	-
org-agenda	org-agenda-bulk-toggle-all	cmd	done	mappings.agenda.toggle_mark_all (config/export.lua:153)	M-*	-
org-agenda	org-agenda-bulk-unmark	cmd	done	mappings.agenda.unmark (config/export.lua:149)	u	-
org-agenda	org-agenda-bulk-unmark-all	cmd	done	mappings.agenda.unmark_all (config/export.lua:150)	U	-
org-agenda	org-agenda-capture	cmd	done	mappings.agenda.capture (config/export.lua:172)	K (Emacs k) with the date at point	-
org-agenda	org-agenda-clock-cancel	cmd	done	mappings.agenda.clock_cancel (config/export.lua:108)	X	-
org-agenda	org-agenda-clock-goto	cmd	done	mappings.agenda.clock_goto (config/export.lua:109)	J	-
org-agenda	org-agenda-clock-in	cmd	done	mappings.agenda.clock_in (config/export.lua:106)	I	-
org-agenda	org-agenda-clock-out	cmd	done	mappings.agenda.clock_out (config/export.lua:107)	O	-
org-agenda	org-agenda-clockreport-mode	cmd	done	mappings.agenda.clockreport_mode (config/export.lua:127)	C / vR (Emacs R)	-
org-agenda	org-agenda-convert-date	cmd	done	mappings.agenda.convert_date (config/export.lua:167)	gC (Emacs C)	-
org-agenda	org-agenda-ctrl-c-ctrl-c	cmd	done	mappings.agenda.set_tags (config/export.lua:98)	C-c C-c sets tags	-
org-agenda	org-agenda-cycle-show	cmd	done	agenda cycle_show	fixed after verification: fold.show_level (e714902)	S
org-agenda	org-agenda-date-earlier	cmd	done	mappings.agenda.date_earlier (config/export.lua:104)	S-Left with count	-
org-agenda	org-agenda-date-earlier-hours	cmd	done	-	action shifts n*60 min via shift_item; range/midnight/date-only cases in spec	S
org-agenda	org-agenda-date-earlier-minutes	cmd	done	-	PROBED: 16<S-Left> on 10:03-11:07 -> 09:58-11:02 in both (no rounding of start, like Emacs)	S
org-agenda	org-agenda-date-later	cmd	done	mappings.agenda.date_later (config/export.lua:103)	S-Right with count	-
org-agenda	org-agenda-date-later-hours	cmd	done	-	action + count; spec 3gH 10:00->13:00	S
org-agenda	org-agenda-date-later-minutes	cmd	done	-	PROBED: 16<S-Right> 10:03 -> 10:08 in Emacs and nvim	S
org-agenda	org-agenda-date-prompt	cmd	done	mappings.agenda.date_prompt (config/export.lua:105)	>	-
org-agenda	org-agenda-day-view	cmd	done	mappings.agenda.day_view (config/export.lua:79)	vd	-
org-agenda	org-agenda-deadline	cmd	done	mappings.agenda.deadline (config/export.lua:102)	C-c C-d / d	-
org-agenda	org-agenda-diary-entry	cmd	done	-	diary_entry.lua: diary-file d w m y a b c + Org file d a b j, Visual block; prompts match Emacs; 4 specs from probes	M
org-agenda	org-agenda-dim-blocked-tasks	cmd	done	agenda.dim_blocked_tasks (config/buffer.lua:275)		-
org-agenda	org-agenda-do-date-earlier	cmd	done	-	PROBED: do_date_shift mirrors cond order (16/minutes last-command before 4/hours); results match Emacs	S
org-agenda	org-agenda-do-date-later	cmd	done	-	PROBED: same as do-date-earlier; repeat keeps unit via last_command, spec	S
org-agenda	org-agenda-drag-line-backward	cmd	done	mappings.agenda.drag_line_backward (config/export.lua:163)	M-Up	-
org-agenda	org-agenda-drag-line-forward	cmd	done	mappings.agenda.drag_line_forward (config/export.lua:162)	M-Down	-
org-agenda	org-agenda-earlier	cmd	done	mappings.agenda.earlier (config/export.lua:76)	b	-
org-agenda	org-agenda-end-of-line	cmd	vim	$	stock $ motion	-
org-agenda	org-agenda-entry-text-mode	cmd	done	mappings.agenda.entry_text_mode (config/export.lua:128)	E / vE	-
org-agenda	org-agenda-entry-text-show	cmd	done	agenda/render.lua:674	done as part of entry text mode	-
org-agenda	org-agenda-execute	cmd	done	actions.agenda (global)	agenda dispatcher key works from the agenda buffer	-
org-agenda	org-agenda-exit	cmd	done	mappings.agenda.exit (config/export.lua:72)	x	-
org-agenda	org-agenda-filter	cmd	done	mappings.agenda.filter (config/export.lua:136)	/	-
org-agenda	org-agenda-filter-by-category	cmd	done	mappings.agenda.filter_category (config/export.lua:138)	<	-
org-agenda	org-agenda-filter-by-effort	cmd	done	mappings.agenda.filter_effort (config/export.lua:140)	_	-
org-agenda	org-agenda-filter-by-regexp	cmd	done	mappings.agenda.filter_regexp (config/export.lua:139)	=	-
org-agenda	org-agenda-filter-by-tag	cmd	done	mappings.agenda.filter_tag (config/export.lua:137)	\	-
org-agenda	org-agenda-filter-by-top-headline	cmd	done	mappings.agenda.filter_top_headline (config/export.lua:141)	^	-
org-agenda	org-agenda-filter-remove-all	cmd	done	mappings.agenda.filter_remove (config/export.lua:142)	|	-
org-agenda	org-agenda-follow-mode	cmd	done	mappings.agenda.follow_mode (config/export.lua:91)	F / vf	-
org-agenda	org-agenda-fontify-priorities	cmd	done	-	cookies/t/nil/table handled, line-extent for t; spec	S
org-agenda	org-agenda-fortnight-view	cmd	done	mappings.agenda.fortnight_view (config/export.lua:81)	vt	-
org-agenda	org-agenda-forward-block	cmd	done	mappings.agenda.forward_block (config/export.lua:160)	C-Down	-
org-agenda	org-agenda-goto	cmd	done	mappings.agenda.goto (config/export.lua:85)	Tab	-
org-agenda	org-agenda-goto-calendar	cmd	done	mappings.agenda.calendar (config/export.lua:166)	c opens the date picker at the date at point	-
org-agenda	org-agenda-goto-date	cmd	done	mappings.agenda.goto_date (config/export.lua:78)	gd (Emacs j)	-
org-agenda	org-agenda-goto-mouse	cmd	done	-	<MiddleMouse> -> mouse_set_point + goto; spec stubs getmousepos	S
org-agenda	org-agenda-goto-today	cmd	done	mappings.agenda.today (config/export.lua:77)	.	-
org-agenda	org-agenda-holidays	cmd	done	mappings.agenda.holidays (config/export.lua:170)	H	-
org-agenda	org-agenda-kill	cmd	done	mappings.agenda.kill (config/export.lua:121)	C-k with agenda.confirm_kill	-
org-agenda	org-agenda-kill-all-agenda-buffers	cmd	done	-	kills every orgagenda buffer; sticky toggle kills first like org-toggle-sticky-agenda; spec	S
org-agenda	org-agenda-later	cmd	done	mappings.agenda.later (config/export.lua:75)	f	-
org-agenda	org-agenda-limit-interactively	cmd	done	mappings.agenda.limit (config/export.lua:143)	~	-
org-agenda	org-agenda-list	cmd	done	agenda/init.lua:398 open_agenda	:Org agenda a	-
org-agenda	org-agenda-list-stuck-projects	cmd	done	agenda/init.lua:427 open_stuck	dispatcher #	-
org-agenda	org-agenda-log-mode	cmd	done	mappings.agenda.log_mode (config/export.lua:124)	l / vl / vL	-
org-agenda	org-agenda-manipulate-query-add	cmd	done	mappings.agenda.query_add (config/export.lua:144)	[	-
org-agenda	org-agenda-manipulate-query-add-re	cmd	done	mappings.agenda.query_add_re (config/export.lua:146)	{	-
org-agenda	org-agenda-manipulate-query-subtract	cmd	done	mappings.agenda.query_subtract (config/export.lua:145)	]	-
org-agenda	org-agenda-manipulate-query-subtract-re	cmd	done	mappings.agenda.query_subtract_re (config/export.lua:147)	}	-
org-agenda	org-agenda-menu	cmd	done	lua/org/menu_defs.lua agenda(); menu_spec "adds the Agenda menu"	"Agenda" menu in orgagenda buffers; Agenda Files dynamic; TODO set / Show Priority via view.on_item	-
org-agenda	org-agenda-mode	cmd	done	agenda/view.lua:603	orgagenda filetype buffer	-
org-agenda	org-agenda-month-view	cmd	done	mappings.agenda.month_view (config/export.lua:82)	vm	-
org-agenda	org-agenda-next-date-line	cmd	done	mappings.agenda.next_date_line (config/export.lua:158)	C-c C-n	-
org-agenda	org-agenda-next-item	cmd	done	mappings.agenda.next_item (config/export.lua:156)	n	-
org-agenda	org-agenda-next-line	cmd	vim	agenda/view.lua:622	j; CursorMoved runs follow mode and outline-path echo	-
org-agenda	org-agenda-open-link	cmd	done	mappings.agenda.open_link (config/export.lua:122)	C-c C-o	-
org-agenda	org-agenda-phases-of-moon	cmd	done	mappings.agenda.phases_of_moon (config/export.lua:168)	M	-
org-agenda	org-agenda-previous-date-line	cmd	done	mappings.agenda.prev_date_line (config/export.lua:159)	C-c C-p	-
org-agenda	org-agenda-previous-item	cmd	done	mappings.agenda.prev_item (config/export.lua:157)	p	-
org-agenda	org-agenda-previous-line	cmd	vim	agenda/view.lua:622	k; CursorMoved runs follow mode and outline-path echo	-
org-agenda	org-agenda-priority	cmd	done	mappings.agenda.priority (config/export.lua:95)	,	-
org-agenda	org-agenda-priority-down	cmd	done	mappings.agenda.priority_down (config/export.lua:97)	- / S-Down	-
org-agenda	org-agenda-priority-up	cmd	done	mappings.agenda.priority_up (config/export.lua:96)	+ / S-Up	-
org-agenda	org-agenda-quit	cmd	done	mappings.agenda.quit (config/export.lua:70)	q	-
org-agenda	org-agenda-recenter	cmd	done	mappings.agenda.recenter (config/export.lua:89)	L	-
org-agenda	org-agenda-redo	cmd	done	mappings.agenda.redo (config/export.lua:73)	r	-
org-agenda	org-agenda-redo-all	cmd	done	mappings.agenda.redo_all (config/export.lua:74)	gr (Emacs g)	-
org-agenda	org-agenda-refile	cmd	done	mappings.agenda.refile (config/export.lua:116)	C-c C-w / R	-
org-agenda	org-agenda-remove-filter	cmd	done	mappings.agenda.filter_remove (config/export.lua:142)	filters cleared via | or by re-pressing the filter key	-
org-agenda	org-agenda-remove-restriction-lock	cmd	done	mappings.agenda.remove_restriction_lock (config/export.lua:115)	C-c C-x >	-
org-agenda	org-agenda-reset-view	cmd	done	mappings.agenda.reset_view (config/export.lua:84)	v SPC	-
org-agenda	org-agenda-schedule	cmd	done	mappings.agenda.schedule (config/export.lua:101)	C-c C-s / s	-
org-agenda	org-agenda-set-effort	cmd	done	mappings.agenda.set_effort (config/export.lua:111)	e	-
org-agenda	org-agenda-set-property	cmd	done	mappings.agenda.set_property (config/export.lua:100)	C-c C-x p	-
org-agenda	org-agenda-set-restriction-lock	cmd	done	actions.agenda_set_restriction_lock (agenda/init.lua:272)	C-c C-x < in org buffers	-
org-agenda	org-agenda-set-restriction-lock-from-agenda	cmd	done	mappings.agenda.restriction_lock (config/export.lua:114)	C-c C-x < in the agenda	-
org-agenda	org-agenda-set-tags	cmd	done	mappings.agenda.set_tags (config/export.lua:98)	: / C-c C-q	-
org-agenda	org-agenda-show	cmd	done	mappings.agenda.show (config/export.lua:87)	SPC shows entry in other window	-
org-agenda	org-agenda-show-1	cmd	done	agenda show_1	fixed after verification: fold.show_level, probed levels 0-4 (e714902)	S
org-agenda	org-agenda-show-and-scroll-up	cmd	done	-	repeat scrolls show window, count keeps drawers folded, <BS> scrolls back; spec	S
org-agenda	org-agenda-show-clocking-issues	cmd	done	mappings.agenda.clockcheck_mode (config/export.lua:126)	vc; agenda/render.lua:826	-
org-agenda	org-agenda-show-mouse	cmd	done	-	<RightMouse> -> mouse_set_point + show_item(false); no own spec but shares tested mouse_set_point	S
org-agenda	org-agenda-show-scroll-down	cmd	done	mappings.agenda.show_scroll_down (config/export.lua:88)	BS	-
org-agenda	org-agenda-show-tags	cmd	done	mappings.agenda.show_tags (config/export.lua:99)	T	-
org-agenda	org-agenda-show-the-flagging-note	cmd	done	mappings.agenda.show_flagging_note (config/export.lua:175)	?	-
org-agenda	org-agenda-sunrise-sunset	cmd	done	mappings.agenda.sunrise_sunset (config/export.lua:169)	S	-
org-agenda	org-agenda-switch-to	cmd	done	mappings.agenda.switch_to (config/export.lua:86)	RET	-
org-agenda	org-agenda-to-appt	cmd	done	agenda/notifications.lua:1	appointment reminders from timed entries	-
org-agenda	org-agenda-todo	cmd	done	mappings.agenda.todo (config/export.lua:92)	t	-
org-agenda	org-agenda-todo-nextset	cmd	done	mappings.agenda.todo_next (config/export.lua:93)	C-S-Right	-
org-agenda	org-agenda-todo-previousset	cmd	done	mappings.agenda.todo_prev (config/export.lua:94)	C-S-Left	-
org-agenda	org-agenda-todo-yesterday	cmd	done	-	binds use_effective_time + extend_today_until=hour+1 exactly like Emacs let; spec checks CLOSED/LAST_REPEAT 23:59	S
org-agenda	org-agenda-toggle-archive-tag	cmd	done	mappings.agenda.toggle_archive_tag (config/export.lua:120)	C-c C-x a	-
org-agenda	org-agenda-toggle-deadlines	cmd	done	mappings.agenda.toggle_deadlines (config/export.lua:133)	! / v!	-
org-agenda	org-agenda-toggle-diary	cmd	done	mappings.agenda.toggle_diary (config/export.lua:134)	D	-
org-agenda	org-agenda-toggle-time-grid	cmd	done	mappings.agenda.time_grid (config/export.lua:132)	G / vG	-
org-agenda	org-agenda-tree-to-indirect-buffer	cmd	done	agenda <C-c><C-x>b	fixed after verification: count = target level like Emacs's arg (3944070)	S
org-agenda	org-agenda-undo	cmd	done	-	per-command remote undo list via undotree seq, r clears; differences (refuse after later edits, no redo) documented	M
org-agenda	org-agenda-view-mode-dispatch	cmd	done	mappings.agenda.day_view (config/export.lua:79)	v is a prefix for vd vw vt vm vy vl vL vc vR vE va vA v[ vG v! vf	-
org-agenda	org-agenda-week-view	cmd	done	mappings.agenda.week_view (config/export.lua:80)	vw	-
org-agenda	org-agenda-write	cmd	done	mappings.agenda.export (config/export.lua:173)	C-x C-w; agenda/export.lua:344	-
org-agenda	org-agenda-year-view	cmd	done	mappings.agenda.year_view (config/export.lua:83)	vy	-
org-agenda	org-calendar-goto-agenda	cmd	done	calendar.goto_agenda (key c in the goto_calendar picker); imenu_calendar_keys_spec (Emacs probe: 2026-10-07 -> week from Mon 5 Oct)		-
org-agenda	org-search-view	cmd	done	agenda/init.lua:423 open_search	dispatcher s / S	-
org-agenda	org-store-agenda-views	cmd	done	agenda/export.lua store_views	dispatcher e	-
org-agenda	org-tags-view	cmd	done	agenda/init.lua:413 open_tags	dispatcher m / M	-
org-agenda	org-todo-list	cmd	done	agenda/init.lua:409 open_todo	dispatcher t / T	-
org-agenda	org-toggle-sticky-agenda	cmd	done	agenda/init.lua:480 toggle_sticky	dispatcher *	-
org-habit	org-habit-toggle-display-in-agenda	cmd	done	-	vh / count vh mirror org-habit-toggle-display-in-agenda incl. redo only when habits shown; spec	S
org-habit	org-habit-toggle-habits	cmd	done	-	toggles show_habits, redo, 'Habits turned off', check-type error outside agenda; spec	S
org-agenda	org-agenda-add-entry-text-descriptive-links	opt	na	-	org-agenda-get-some-entry-text strips link properties right after org-activate-links, so the option has no effect on written text	S
org-agenda	org-agenda-add-entry-text-maxlines	opt	done	-	export.lua adds body lines on write; spec from probe	S
org-agenda	org-agenda-align-tags-to-column	opt	done	agenda.tags_column (config/buffer.lua:159)	obsolete alias of org-agenda-tags-column	-
org-agenda	org-agenda-auto-exclude-function	opt	done	agenda.auto_exclude_function (config/buffer.lua:195)		-
org-agenda	org-agenda-before-write-hook	opt	done	-	Lua fn may edit lines + User OrgAgendaBeforeWrite; spec	S
org-agenda	org-agenda-block-separator	opt	done	agenda.block_separator (config/buffer.lua:228)		-
org-agenda	org-agenda-breadcrumbs-separator	opt	done	agenda.breadcrumbs_separator (config/buffer.lua:164)		-
org-agenda	org-agenda-bulk-custom-functions	opt	done	agenda.bulk_custom_functions (config/buffer.lua:200)		-
org-agenda	org-agenda-bulk-mark-char	opt	done	-	render_marks uses it; spec checks virt_text '*'	S
org-agenda	org-agenda-category-icon-alist	opt	done	agenda.category_icons (config/buffer.lua:161)		-
org-agenda	org-agenda-clock-consistency-checks	opt	done	agenda.clock_consistency_checks (config/buffer.lua:266)		-
org-agenda	org-agenda-clock-report-header	opt	done	agenda.clock_report_header (config/buffer.lua:262)		-
org-agenda	org-agenda-clockreport-parameter-plist	opt	done	agenda.clockreport_parameters (config/buffer.lua:260)		-
org-agenda	org-agenda-cmp-user-defined	opt	done	agenda.cmp_user_defined (config/buffer.lua:174)		-
org-agenda	org-agenda-columns-add-appointments-to-effort-sum	opt	done	-	columns value() uses duration when no Effort; spec	S
org-agenda	org-agenda-columns-compute-summary-properties	opt	na	agenda/columns.lua:123	Emacs perf knob; summaries are always computed	-
org-agenda	org-agenda-columns-show-summaries	opt	done	agenda.columns_show_summaries (config/buffer.lua:238)		-
org-agenda	org-agenda-compact-blocks	opt	done	agenda.compact_blocks (config/buffer.lua:202)		-
org-agenda	org-agenda-confirm-kill	opt	done	agenda.confirm_kill (config/buffer.lua:250)		-
org-agenda	org-agenda-current-time-string	opt	done	agenda.current_time_string (config/buffer.lua:122)		-
org-agenda	org-agenda-custom-commands	opt	done	agenda.custom_commands (config/buffer.lua:232)		-
org-agenda	org-agenda-custom-commands-contexts	opt	done	-	agenda.custom_commands() filters/remaps per rules; spec from org-contextualize-keys probe	S
org-agenda	org-agenda-day-face-function	opt	done	-	render day header uses function's group; spec	S
org-agenda	org-agenda-deadline-leaders	opt	done	agenda.deadline_leaders (config/buffer.lua:136)		-
org-agenda	org-agenda-default-appointment-duration	opt	done	agenda.default_appointment_duration (config/buffer.lua:147)		-
org-agenda	org-agenda-diary-file	opt	done	-	agenda.diary_entry_file read by diary_entry.lua ('diary-file' default); rename documented; spec	S
org-agenda	org-agenda-diary-sexp-prefix	opt	done	-	items.lua moves case-sensitive match to leader; spec	S
org-agenda	org-agenda-dim-blocked-tasks	opt	done	agenda.dim_blocked_tasks (config/buffer.lua:275)		-
org-agenda	org-agenda-entry-text-exclude-regexps	opt	done	-	render.entry_text removes matches; spec	S
org-agenda	org-agenda-entry-text-leaders	opt	done	-	leader read in add_item; spec	S
org-agenda	org-agenda-entry-text-maxlines	opt	done	agenda.entry_text_maxlines (config/buffer.lua:247)		-
org-agenda	org-agenda-export-html-style	opt	done	-	replaces <style> in HTML write; spec	S
org-agenda	org-agenda-exporter-settings	opt	done	agenda.exporter_settings (agenda/export.lua:350)	documented doc/org.txt:1445	-
org-agenda	org-agenda-filter-hook	opt	done	-	User OrgAgendaFilter when filters changed; spec (on redo Emacs runs both hooks, nvim only Finalize - minor)	S
org-agenda	org-agenda-finalize-hook	opt	done	-	User OrgAgendaFinalize on each build; spec	S
org-agenda	org-agenda-follow-indirect	opt	done	-	follow_show uses tree_to_indirect_buffer like org-agenda-do-context-action; spec	S
org-agenda	org-agenda-fontify-priorities	opt	done	-	cookies/t/nil/table handled, line-extent for t; spec	S
org-agenda	org-agenda-format-date	opt	done	agenda.format_date (config/buffer.lua:152)		-
org-agenda	org-agenda-hide-tags-regexp	opt	done	agenda.hide_tags_regexp (config/buffer.lua:156)		-
org-agenda	org-agenda-inactive-leader	opt	done	agenda.inactive_leader (config/buffer.lua:139)		-
org-agenda	org-agenda-include-deadlines	opt	done	agenda.include_deadlines (config/buffer.lua:72)		-
org-agenda	org-agenda-include-diary	opt	done	agenda.include_diary (config/buffer.lua:292)		-
org-agenda	org-agenda-insert-diary-extract-time	opt	done	-	extract_time moves time into stamp; spec (time normalized to HH:MM, Emacs copies match verbatim)	S
org-agenda	org-agenda-insert-diary-strategy	opt	done	-	date-tree / date-tree-last / top-level; spec	S
org-agenda	org-agenda-log-mode-add-notes	opt	done	agenda.log_mode_add_notes (config/buffer.lua:254)		-
org-agenda	org-agenda-log-mode-items	opt	done	agenda.log_mode_items (config/buffer.lua:203)		-
org-agenda	org-agenda-loop-over-headlines-in-active-region	opt	done	-	Visual maps loop LOOP_ACTIONS (same list as org-agenda-maybe-loop), t/start-level/regexp anchored; spec covers t only	S
org-agenda	org-agenda-max-effort	opt	done	agenda.max_effort (config/buffer.lua:183)		-
org-agenda	org-agenda-max-entries	opt	done	agenda.max_entries (config/buffer.lua:180)		-
org-agenda	org-agenda-max-tags	opt	done	agenda.max_tags (config/buffer.lua:182)		-
org-agenda	org-agenda-max-todos	opt	done	agenda.max_todos (config/buffer.lua:181)		-
org-agenda	org-agenda-menu-show-matcher	opt	done	-	menu_label appends ': MATCH' for string matches like Emacs; spec	S
org-agenda	org-agenda-menu-two-columns	opt	done	-	first half left (ceil n/2) like Emacs n1; spec	S
org-agenda	org-agenda-mouse-1-follows-link	opt	done	agenda.mouse_1_follows_link	fixed after verification: short click follows, drag sets point (ecdb806)	S
org-agenda	org-agenda-move-date-from-past-immediately-to-today	opt	done	-	shift_item honours false; spec	S
org-agenda	org-agenda-persistent-filter	opt	done	agenda.persistent_filter (config/buffer.lua:192)		-
org-agenda	org-agenda-persistent-marks	opt	done	agenda.persistent_marks (config/buffer.lua:197)		-
org-agenda	org-agenda-prefer-last-repeat	opt	done	agenda.prefer_last_repeat (config/buffer.lua:92)		-
org-agenda	org-agenda-prefix-format	opt	done	agenda.prefix_format (config/buffer.lua:127)		-
org-agenda	org-agenda-query-register	opt	done	-	manipulate_query sets register for search views (Emacs: search only too); spec	S
org-agenda	org-agenda-remove-tags	opt	done	agenda.remove_tags (config/buffer.lua:231)		-
org-agenda	org-agenda-remove-tags-when-in-prefix	opt	done	agenda.remove_tags (config/buffer.lua:231)	obsolete alias of org-agenda-remove-tags	-
org-agenda	org-agenda-remove-timeranges-from-blocks	opt	done	-	PROBED: date blocks 'Trip  now' match; timed block Emacs leaves '--<..17:00>' (Emacs quirk), nvim removes all	S
org-agenda	org-agenda-remove-times-when-in-prefix	opt	done	agenda.remove_times_when_in_prefix (config/buffer.lua:142)		-
org-agenda	org-agenda-restore-windows-after-quit	opt	done	agenda.restore_windows_after_quit (config/buffer.lua:188)		-
org-agenda	org-agenda-restriction-lock-highlight-subtree	opt	done	-	extmark over subtree or headline; spec	S
org-agenda	org-agenda-scheduled-leaders	opt	done	agenda.scheduled_leaders (config/buffer.lua:134)		-
org-agenda	org-agenda-search-headline-for-time	opt	done	agenda.search_headline_for_time (config/buffer.lua:144)		-
org-agenda	org-agenda-search-view-always-boolean	opt	done	agenda.search_view_always_boolean (config/buffer.lua:242)		-
org-agenda	org-agenda-search-view-force-full-words	opt	done	agenda.search_view_force_full_words (config/buffer.lua:243)		-
org-agenda	org-agenda-search-view-max-outline-level	opt	done	agenda.search_view_max_outline_level (config/buffer.lua:244)		-
org-agenda	org-agenda-search-view-search-words-only	opt	done	agenda.search_view_always_boolean (config/buffer.lua:242)	obsolete alias of org-agenda-search-view-always-boolean	-
org-agenda	org-agenda-show-all-dates	opt	done	agenda.show_all_dates (config/buffer.lua:95)		-
org-agenda	org-agenda-show-current-time-in-grid	opt	done	agenda.show_current_time_in_grid (config/buffer.lua:123)		-
org-agenda	org-agenda-show-future-repeats	opt	done	agenda.show_future_repeats (config/buffer.lua:93)		-
org-agenda	org-agenda-show-inherited-tags	opt	done	agenda.show_inherited_tags (config/buffer.lua:229)		-
org-agenda	org-agenda-show-outline-path	opt	done	agenda.show_outline_path (config/buffer.lua:163)		-
org-agenda	org-agenda-skip-additional-timestamps-same-entry	opt	done	agenda.skip_additional_timestamps_same_entry (config/buffer.lua:80)		-
org-agenda	org-agenda-skip-comment-trees	opt	done	-	PROBED: nil lists TODO under COMMENT tree in day agenda in both	S
org-agenda	org-agenda-skip-deadline-if-done	opt	done	agenda.skip_deadline_if_done (config/buffer.lua:74)		-
org-agenda	org-agenda-skip-deadline-prewarning-if-scheduled	opt	done	agenda.skip_deadline_prewarning_if_scheduled (config/buffer.lua:83)		-
org-agenda	org-agenda-skip-function-global	opt	done	-	applied in each_headline before block skip for all views; spec (Lua fn(hl) API, not point-based)	S
org-agenda	org-agenda-skip-scheduled-delay-if-deadline	opt	done	agenda.skip_scheduled_delay_if_deadline (config/buffer.lua:85)		-
org-agenda	org-agenda-skip-scheduled-if-deadline-is-shown	opt	done	agenda.skip_scheduled_if_deadline_is_shown (config/buffer.lua:77)		-
org-agenda	org-agenda-skip-scheduled-if-done	opt	done	agenda.skip_scheduled_if_done (config/buffer.lua:73)		-
org-agenda	org-agenda-skip-scheduled-repeats-after-deadline	opt	done	agenda.skip_scheduled_repeats_after_deadline (config/buffer.lua:79)		-
org-agenda	org-agenda-skip-timestamp-if-deadline-is-shown	opt	done	agenda.skip_timestamp_if_deadline_is_shown (config/buffer.lua:78)		-
org-agenda	org-agenda-skip-timestamp-if-done	opt	done	agenda.skip_timestamp_if_done (config/buffer.lua:75)		-
org-agenda	org-agenda-sort-noeffort-is-high	opt	done	agenda.sort_noeffort_is_high (config/buffer.lua:176)		-
org-agenda	org-agenda-sort-notime-is-late	opt	done	agenda.sort_notime_is_late (config/buffer.lua:175)		-
org-agenda	org-agenda-sorting-strategy	opt	done	agenda.sorting (config/buffer.lua:166)		-
org-agenda	org-agenda-span	opt	done	agenda.span (config/buffer.lua:61)		-
org-agenda	org-agenda-start-on-weekday	opt	done	agenda.start_on_weekday (config/buffer.lua:64)		-
org-agenda	org-agenda-start-with-archives-mode	opt	done	-	view.open sets S.archives; spec	S
org-agenda	org-agenda-start-with-clockreport-mode	opt	done	agenda.start_with_clockreport_mode (config/buffer.lua:256)		-
org-agenda	org-agenda-start-with-entry-text-mode	opt	done	agenda.start_with_entry_text_mode (config/buffer.lua:272)		-
org-agenda	org-agenda-start-with-follow-mode	opt	done	agenda.start_with_follow_mode (config/buffer.lua:255)		-
org-agenda	org-agenda-start-with-log-mode	opt	done	agenda.start_with_log_mode (config/buffer.lua:251)		-
org-agenda	org-agenda-sticky	opt	done	agenda.sticky (config/buffer.lua:190)		-
org-agenda	org-agenda-tags-column	opt	done	agenda.tags_column (config/buffer.lua:159)		-
org-agenda	org-agenda-tags-todo-honor-ignore-options	opt	done	agenda.tags_todo_honor_ignore_options (config/buffer.lua:106)		-
org-agenda	org-agenda-time-grid	opt	done	agenda.time_grid (config/buffer.lua:111)		-
org-agenda	org-agenda-time-leading-zero	opt	done	agenda.time_leading_zero (config/buffer.lua:148)		-
org-agenda	org-agenda-timegrid-use-ampm	opt	done	agenda.timegrid_use_ampm (config/buffer.lua:149)		-
org-agenda	org-agenda-timerange-leaders	opt	done	agenda.timerange_leaders (config/buffer.lua:138)		-
org-agenda	org-agenda-todo-ignore-deadlines	opt	done	agenda.todo_ignore_deadlines (config/buffer.lua:100)		-
org-agenda	org-agenda-todo-ignore-scheduled	opt	done	agenda.todo_ignore_scheduled (config/buffer.lua:97)		-
org-agenda	org-agenda-todo-ignore-time-comparison-use-seconds	opt	done	-	to_now in seconds, custom int compared to seconds like Emacs; spec	S
org-agenda	org-agenda-todo-ignore-timestamp	opt	done	agenda.todo_ignore_timestamp (config/buffer.lua:102)		-
org-agenda	org-agenda-todo-ignore-with-date	opt	done	agenda.todo_ignore_with_date (config/buffer.lua:103)		-
org-agenda	org-agenda-todo-keyword-format	opt	done	-	PROBED: '%-6s' pads TODO/DONE, non-TODO untouched, identical lines	S
org-agenda	org-agenda-todo-list-sublevels	opt	done	agenda.todo_list_sublevels (config/buffer.lua:108)		-
org-agenda	org-agenda-use-tag-inheritance	opt	na	agenda/items.lua:95	Emacs speed knob; inherited tags always computed per use_tag_inheritance	-
org-agenda	org-agenda-use-time-grid	opt	done	agenda.time_grid.enabled (config/buffer.lua:112)		-
org-agenda	org-agenda-view-columns-initially	opt	done	agenda.view_columns_initially (config/buffer.lua:236)		-
org-agenda	org-agenda-weekend-days	opt	done	agenda.weekend_days (config/buffer.lua:154)		-
org-agenda	org-agenda-window-frame-fractions	opt	done	-	fit_window mirrors org-agenda-fit-window-to-buffer; spec	S
org-agenda	org-agenda-window-setup	opt	done	agenda.window (config/buffer.lua:186)		-
org-agenda	org-agenda-with-colors	opt	vim	agenda/highlights.lua	colours come from OrgAgenda* highlight groups; link them to Normal to disable	-
org-agenda	org-deadline-past-days	opt	done	agenda.deadline_past_days (config/buffer.lua:88)		-
org-agenda	org-scheduled-past-days	opt	done	agenda.scheduled_past_days (config/buffer.lua:89)		-
org-agenda	org-stuck-projects	opt	done	agenda.stuck_projects (config/buffer.lua:219)		-
org-habit	org-habit-completed-glyph	opt	done	agenda.habits.completed_glyph (config/buffer.lua:214)		-
org-habit	org-habit-following-days	opt	done	agenda.habits.following_days (config/buffer.lua:207)		-
org-habit	org-habit-graph-column	opt	done	agenda.habits.graph_column (config/buffer.lua:205)		-
org-habit	org-habit-preceding-days	opt	done	agenda.habits.preceding_days (config/buffer.lua:206)		-
org-habit	org-habit-scheduled-past-days	opt	done	agenda.habits.scheduled_past_days (config/buffer.lua:212)		-
org-habit	org-habit-show-all-today	opt	done	agenda.habits.show_all_today (config/buffer.lua:210)		-
org-habit	org-habit-show-done-always-green	opt	done	agenda.habits.show_done_always_green (config/buffer.lua:211)		-
org-habit	org-habit-show-habits	opt	done	agenda.habits.show_habits (config/buffer.lua:208)		-
org-habit	org-habit-show-habits-only-for-today	opt	done	agenda.habits.show_habits_only_for_today (config/buffer.lua:209)		-
org-habit	org-habit-today-glyph	opt	done	agenda.habits.today_glyph (config/buffer.lua:213)		-
org-colview	org-agenda-columns	cmd	done	lua/org/agenda/columns.lua; agenda view.lua:2732	column view in agenda	-
org-colview	org-columns	cmd	done	action column_view (columns.lua:1746)	overlay or table display	-
org-colview	org-columns--display-here-title	cmd	na	-	internal title overlay helper (winbar title exists)	-
org-colview	org-columns-compute	cmd	done	columns.lua:415 compute; action compute_property_at_point	-	-
org-colview	org-columns-content	cmd	done	columns.lua:1673 key c	-	-
org-colview	org-columns-delete	cmd	done	columns.lua:1510 M-S-Left	-	-
org-colview	org-columns-edit-allowed	cmd	done	columns.lua:1485 key a	-	-
org-colview	org-columns-edit-attributes	cmd	done	columns.lua:1508 key s	-	-
org-colview	org-columns-edit-value	cmd	done	columns.lua:1482 key e	-	-
org-colview	org-columns-get-format	cmd	na	-	internal format compiler; columns.lua:61 parse_format	-
org-colview	org-columns-insert-dblock	cmd	done	action insert_columnview	-	-
org-colview	org-columns-menu	cmd	done	menu_defs.columns(); columns.is_active + menu sync on open/quit; menu_spec	"Column" menu for the overlay view (org buffer) and table view (orgcolumns), entries feed the view's own keys	-
org-colview	org-columns-move-down	cmd	vim	native j in overlay view	Vim j keeps column; agenda context action not needed	-
org-colview	org-columns-move-left	cmd	done	columns.lua:1512 M-Left	-	-
org-colview	org-columns-move-right	cmd	done	columns.lua:1511 M-Right	-	-
org-colview	org-columns-move-row-down	cmd	done	columns.lua:1514 M-Down	-	-
org-colview	org-columns-move-row-up	cmd	done	columns.lua:1513 M-Up	-	-
org-colview	org-columns-move-up	cmd	vim	native k in overlay view	Vim k keeps column	-
org-colview	org-columns-narrow	cmd	done	columns.lua:1518 key <	-	-
org-colview	org-columns-new	cmd	done	columns.lua:1509 M-S-Right	-	-
org-colview	org-columns-next-allowed-value	cmd	done	columns.lua:1483 n/S-Right/1-9	-	-
org-colview	org-columns-open-link	cmd	done	columns.lua:1491 C-c C-o	-	-
org-colview	org-columns-previous-allowed-value	cmd	done	columns.lua:1484 p/S-Left	-	-
org-colview	org-columns-quit	cmd	done	columns.lua:1478 key q	-	-
org-colview	org-columns-redo	cmd	done	columns.lua:1479 r/g	-	-
org-colview	org-columns-remove-overlays	cmd	na	-	internal teardown; quit covers it	-
org-colview	org-columns-show-value	cmd	done	columns.lua:1538 key v	-	-
org-colview	org-columns-todo	cmd	done	columns.lua:1529 C-c C-t	-	-
org-colview	org-columns-toggle-or-columns-quit	cmd	done	columns.lua:1521 C-c C-c	-	-
org-colview	org-columns-widen	cmd	done	columns.lua:1515 key >	-	-
org-list	org-beginning-of-item	cmd	done	-	PROBED: item start line matches Emacs (5:0); action registered; lists_emacs_spec item motions	S
org-list	org-beginning-of-item-list	cmd	done	-	PROBED: first sibling line 4 matches Emacs; action registered; spec	S
org-list	org-cycle-list-bullet	cmd	done	lists.lua:1621 cycle_bullet; S-Left/Right, C-c -	no alphabetical bullets	-
org-list	org-end-of-item	cmd	done	-	PROBED: line 8 / line 6 (trailing blanks) match Emacs; action registered; spec	S
org-list	org-end-of-item-list	cmd	done	-	PROBED: line 8 (sublist) / line 10 match Emacs; action registered; spec	S
org-list	org-indent-item	cmd	done	context.lua:308 M-l on item	-	-
org-list	org-indent-item-tree	cmd	done	context.lua:415 M-L	-	-
org-list	org-insert-item	cmd	done	context.lua:214 meta_return -> lists.new_item	-	-
org-list	org-list-checkbox-radio-mode	cmd	done	action checkbox_radio_mode (lists.lua:1002)	-	-
org-list	org-list-make-subtree	cmd	done	action list_make_subtree	-	-
org-list	org-list-repair	cmd	done	lists.lua:702 repair (C-c C-c on item)	-	-
org-list	org-move-item-down	cmd	done	context.lua:453 M-j	-	-
org-list	org-move-item-up	cmd	done	context.lua:435 M-k	-	-
org-list	org-next-item	cmd	done	context.lua:524 S-Down; next_item	-	-
org-list	org-outdent-item	cmd	done	context.lua:294 M-h	-	-
org-list	org-outdent-item-tree	cmd	done	context.lua:401 M-H	-	-
org-list	org-previous-item	cmd	done	context.lua:504 S-Up; prev_item	-	-
org-list	org-reset-checkbox-state-subtree	cmd	done	-	PROBED: same buffer as Emacs incl. [X] at EOL left alone and cookies [0/2]/[1/2]; error before first headline; spec	S
org-list	org-sort-list	cmd	done	structure.lua:1685 sort_list (C-c ^)	-	-
org-list	org-toggle-checkbox	cmd	done	action toggle_checkbox	-	-
org-list	org-toggle-item	cmd	done	action toggle_item	-	-
org-list	org-toggle-radio-button	cmd	done	action toggle_radio_button	-	-
org-list	org-update-checkbox-count	cmd	done	action update_statistics	-	-
org-plot	org-plot/collect-options	cmd	na	-	internal #+PLOT parser; plot.lua:155 parse_options	-
org-plot	org-plot/gnuplot	cmd	done	action table_plot (plot.lua:756)	gnuplot directly	-
org-plot	org-plot/gnuplot-to-grid-data	cmd	done	plot.lua:205 grid_data	used by type:grid	-
org-plot	org-plot/goto-nearest-table	cmd	vim	/^\s*| search; plot.lua:698 collect scans forward	trivial motion helper	-
org-table	org-table-align	cmd	done	action ctrl_c_ctrl_c / table.lua:384 align; InsertLeave realign	-	-
org-table	org-table-beginning-of-field	cmd	vim	T| / F| motions	M-a in table; Vim field motions cover it	-
org-table	org-table-blank-field	cmd	done	action table_blank_field	-	-
org-table	org-table-calc-current-TBLFM	cmd	done	context.lua:63 calc_current_tblfm	C-c C-c on #+TBLFM	-
org-table	org-table-convert	cmd	done	action table_el (C-c ~)	-	-
org-table	org-table-convert-region	cmd	done	table.lua:984 create_or_convert (Visual)	-	-
org-table	org-table-copy-down	cmd	done	action table_copy_down	-	-
org-table	org-table-copy-region	cmd	done	action copy_special -> table.lua:2381	-	-
org-table	org-table-create	cmd	done	action table_create	-	-
org-table	org-table-create-or-convert-from-region	cmd	done	action table_create (C-c |)	-	-
org-table	org-table-create-with-table.el	cmd	done	action table_el	-	-
org-table	org-table-current-column	cmd	done	action table_field_info (C-c ?)	reports column	-
org-table	org-table-cut-region	cmd	done	action cut_special -> table.lua:2391	-	-
org-table	org-table-delete-column	cmd	done	action table_delete_column; M-S-Left	-	-
org-table	org-table-edit-field	cmd	done	action table_edit_field	prompt instead of window	-
org-table	org-table-edit-formulas	cmd	done	action table_edit_formulas (fedit.lua:497)	-	-
org-table	org-table-end-of-field	cmd	vim	t| / f| motions	M-e in table	-
org-table	org-table-eval-formula	cmd	done	action table_formula (C-c =)	-	-
org-table	org-table-expand	cmd	done	action table_expand	-	-
org-table	org-table-export	cmd	done	action table_export	-	-
org-table	org-table-fedit-abort	cmd	done	fedit.lua C-c C-q	-	-
org-table	org-table-fedit-finish	cmd	done	fedit.lua C-c C-c / C-c '	-	-
org-table	org-table-fedit-line-down	cmd	done	fedit.lua:679 M-S-Down	-	-
org-table	org-table-fedit-line-up	cmd	done	fedit.lua:679 M-S-Up	-	-
org-table	org-table-fedit-lisp-indent	cmd	done	fedit.lua:201 Tab	-	-
org-table	org-table-fedit-menu	cmd	done	menu_defs.fedit(); menu_spec "adds Edit-Formulas"	"Edit-Formulas" menu in the orgformulas buffer; duplicate Up/Down distinguished by a trailing space	-
org-table	org-table-fedit-ref-down	cmd	done	fedit.lua:406 S-Down	-	-
org-table	org-table-fedit-ref-left	cmd	done	fedit.lua:406 S-Left	-	-
org-table	org-table-fedit-ref-right	cmd	done	fedit.lua:406 S-Right	-	-
org-table	org-table-fedit-ref-up	cmd	done	fedit.lua:406 S-Up	-	-
org-table	org-table-fedit-scroll	cmd	done	fedit.lua:697 M-Down	-	-
org-table	org-table-fedit-scroll-down	cmd	done	fedit.lua:697 M-Up	-	-
org-table	org-table-fedit-toggle-coordinates	cmd	done	fedit.lua C-c }	-	-
org-table	org-table-fedit-toggle-ref-type	cmd	done	fedit.lua:707 C-c C-r	-	-
org-table	org-table-field-info	cmd	done	action table_field_info	-	-
org-table	org-table-follow-field-mode	cmd	done	action table_follow_field_mode (table/follow.lua)	-	-
org-table	org-table-goto-column	cmd	done	-	PROBED: col 3 -> byte 10 like Emacs; past-last clamps to last pipe (Normal-mode cell, Emacs EOL); action with count; spec	S
org-table	org-table-header-line-mode	cmd	done	action table_header_line_mode	winbar	-
org-table	org-table-hline-and-move	cmd	done	context.lua:596 C-c RET	-	-
org-table	org-table-import	cmd	done	action table_import	-	-
org-table	org-table-insert-column	cmd	done	action table_insert_column	-	-
org-table	org-table-insert-hline	cmd	done	action table_insert_hline	-	-
org-table	org-table-insert-row	cmd	done	action table_insert_row	-	-
org-table	org-table-iterate	cmd	done	action table_iterate	-	-
org-table	org-table-iterate-buffer-tables	cmd	done	table.lua:2450 recalc_buffer	iterates to convergence	-
org-table	org-table-kill-row	cmd	done	action table_delete_row	-	-
org-table	org-table-maybe-recalculate-line	cmd	done	table.lua:1776 maybe_recalc_line	# rows on Tab/RET	-
org-table	org-table-move-cell-down	cmd	done	context.lua:521 move_cell	-	-
org-table	org-table-move-cell-left	cmd	done	context.lua:679 move_cell	-	-
org-table	org-table-move-cell-right	cmd	done	context.lua:656 move_cell	-	-
org-table	org-table-move-cell-up	cmd	done	context.lua:501 move_cell	-	-
org-table	org-table-move-column	cmd	done	table.lua:661 move_column	-	-
org-table	org-table-move-column-left	cmd	done	action meta_left in table	-	-
org-table	org-table-move-column-right	cmd	done	action meta_right in table	-	-
org-table	org-table-move-row	cmd	done	table.lua:687 move_row	-	-
org-table	org-table-move-row-down	cmd	done	action meta_down in table	-	-
org-table	org-table-move-row-up	cmd	done	action meta_up in table	-	-
org-table	org-table-next-field	cmd	done	action table_next_field	-	-
org-table	org-table-next-row	cmd	done	action table_next_row	-	-
org-table	org-table-overlay-coordinates	cmd	done	table.lua:2318 toggle_coordinate_overlays	-	-
org-table	org-table-paste-rectangle	cmd	done	action paste_special -> table.lua:2410	-	-
org-table	org-table-previous-field	cmd	done	action table_prev_field	-	-
org-table	org-table-recalculate	cmd	done	action table_recalculate / table_recalc	-	-
org-table	org-table-recalculate-buffer-tables	cmd	done	action table_recalc_buffer	-	-
org-table	org-table-rotate-recalc-marks	cmd	done	action table_rotate_marks	-	-
org-table	org-table-show-reference	cmd	done	fedit.lua:280 show_reference (C-c ?)	-	-
org-table	org-table-shrink	cmd	done	action table_shrink	-	-
org-table	org-table-sort-lines	cmd	done	action table_sort (C-c ^)	-	-
org-table	org-table-sum	cmd	done	action table_sum	-	-
org-table	org-table-toggle-column-width	cmd	done	action table_toggle_column_width	-	-
org-table	org-table-toggle-coordinate-overlays	cmd	done	action table_coordinates	-	-
org-table	org-table-toggle-formula-debugger	cmd	done	action table_formula_debugger	-	-
org-table	org-table-transpose-table-at-point	cmd	done	action table_transpose	-	-
org-table	org-table-wrap-region	cmd	done	-	PROBED: split, C-u append-above and region paragraph wrap give Emacs buffers and cursor; M-RET wired via context.meta_return; spec	M
org-table	orgtbl-ascii-plot	cmd	done	action table_ascii_plot	-	-
org-table	orgtbl-create-or-convert-from-region	cmd	done	orgtbl.lua C-c | -> create_or_convert	-	-
org-table	orgtbl-ctrl-c-ctrl-c	cmd	done	orgtbl.lua:1091 ctrl_c_ctrl_c	-	-
org-table	orgtbl-error	cmd	na	-	internal: errors for unbound table keys	-
org-table	orgtbl-hijacker-command-1	cmd	na	-	generated wrapper commands for orgtbl key hijacking	-
org-table	orgtbl-hijacker-command-10	cmd	na	-	generated wrapper commands for orgtbl key hijacking	-
org-table	orgtbl-hijacker-command-100	cmd	na	-	generated wrapper commands for orgtbl key hijacking	-
org-table	orgtbl-hijacker-command-101	cmd	na	-	generated wrapper commands for orgtbl key hijacking	-
org-table	orgtbl-hijacker-command-102	cmd	na	-	generated wrapper commands for orgtbl key hijacking	-
org-table	orgtbl-hijacker-command-103	cmd	na	-	generated wrapper commands for orgtbl key hijacking	-
org-table	orgtbl-hijacker-command-104	cmd	na	-	generated wrapper commands for orgtbl key hijacking	-
org-table	orgtbl-hijacker-command-105	cmd	na	-	generated wrapper commands for orgtbl key hijacking	-
org-table	orgtbl-hijacker-command-106	cmd	na	-	generated wrapper commands for orgtbl key hijacking	-
org-table	orgtbl-hijacker-command-107	cmd	na	-	generated wrapper commands for orgtbl key hijacking	-
org-table	orgtbl-hijacker-command-108	cmd	na	-	generated wrapper commands for orgtbl key hijacking	-
org-table	orgtbl-hijacker-command-109	cmd	na	-	generated wrapper commands for orgtbl key hijacking	-
org-table	orgtbl-hijacker-command-11	cmd	na	-	generated wrapper commands for orgtbl key hijacking	-
org-table	orgtbl-hijacker-command-12	cmd	na	-	generated wrapper commands for orgtbl key hijacking	-
org-table	orgtbl-hijacker-command-13	cmd	na	-	generated wrapper commands for orgtbl key hijacking	-
org-table	orgtbl-hijacker-command-14	cmd	na	-	generated wrapper commands for orgtbl key hijacking	-
org-table	orgtbl-hijacker-command-15	cmd	na	-	generated wrapper commands for orgtbl key hijacking	-
org-table	orgtbl-hijacker-command-16	cmd	na	-	generated wrapper commands for orgtbl key hijacking	-
org-table	orgtbl-hijacker-command-17	cmd	na	-	generated wrapper commands for orgtbl key hijacking	-
org-table	orgtbl-hijacker-command-18	cmd	na	-	generated wrapper commands for orgtbl key hijacking	-
org-table	orgtbl-hijacker-command-19	cmd	na	-	generated wrapper commands for orgtbl key hijacking	-
org-table	orgtbl-hijacker-command-2	cmd	na	-	generated wrapper commands for orgtbl key hijacking	-
org-table	orgtbl-hijacker-command-20	cmd	na	-	generated wrapper commands for orgtbl key hijacking	-
org-table	orgtbl-hijacker-command-21	cmd	na	-	generated wrapper commands for orgtbl key hijacking	-
org-table	orgtbl-hijacker-command-22	cmd	na	-	generated wrapper commands for orgtbl key hijacking	-
org-table	orgtbl-hijacker-command-23	cmd	na	-	generated wrapper commands for orgtbl key hijacking	-
org-table	orgtbl-hijacker-command-24	cmd	na	-	generated wrapper commands for orgtbl key hijacking	-
org-table	orgtbl-hijacker-command-25	cmd	na	-	generated wrapper commands for orgtbl key hijacking	-
org-table	orgtbl-hijacker-command-26	cmd	na	-	generated wrapper commands for orgtbl key hijacking	-
org-table	orgtbl-hijacker-command-27	cmd	na	-	generated wrapper commands for orgtbl key hijacking	-
org-table	orgtbl-hijacker-command-28	cmd	na	-	generated wrapper commands for orgtbl key hijacking	-
org-table	orgtbl-hijacker-command-3	cmd	na	-	generated wrapper commands for orgtbl key hijacking	-
org-table	orgtbl-hijacker-command-4	cmd	na	-	generated wrapper commands for orgtbl key hijacking	-
org-table	orgtbl-hijacker-command-5	cmd	na	-	generated wrapper commands for orgtbl key hijacking	-
org-table	orgtbl-hijacker-command-6	cmd	na	-	generated wrapper commands for orgtbl key hijacking	-
org-table	orgtbl-hijacker-command-7	cmd	na	-	generated wrapper commands for orgtbl key hijacking	-
org-table	orgtbl-hijacker-command-8	cmd	na	-	generated wrapper commands for orgtbl key hijacking	-
org-table	orgtbl-hijacker-command-9	cmd	na	-	generated wrapper commands for orgtbl key hijacking	-
org-table	orgtbl-insert-radio-table	cmd	done	action orgtbl_insert_radio_table	-	-
org-table	orgtbl-mode	cmd	done	action orgtbl_mode (orgtbl.lua:1249)	-	-
org-table	orgtbl-mode-menu	cmd	done	menu_defs.orgtbl(); menu_spec "adds OrgTbl"	"OrgTbl" menu in buffers with orgtbl-mode on	-
org-table	orgtbl-ret	cmd	done	orgtbl.lua <CR> -> next_row	-	-
org-table	orgtbl-self-insert-command	cmd	done	-	typing.lua InsertCharPre/TextChangedI eats a space before pipe when 2+ trailing spaces and blanks after motion, like Emacs; spec simulates typing	S
org-table	orgtbl-send-table	cmd	done	action orgtbl_send_table	-	-
org-table	orgtbl-tab	cmd	done	orgtbl.lua <Tab> -> next_field	-	-
org-table	orgtbl-toggle-comment	cmd	done	action orgtbl_toggle_comment	-	-
org-colview	org-columns-checkbox-allowed-values	opt	done	config columns_checkbox_allowed_values	-	-
org-colview	org-columns-dblock-formatter	opt	done	config columns_dblock_formatter	-	-
org-colview	org-columns-modify-value-for-display-function	opt	done	config columns_modify_value_for_display_function	-	-
org-colview	org-columns-summary-types	opt	done	config columns_summary_types	-	-
org-colview	org-overriding-columns-format	opt	done	overriding_columns_format in a custom command's settings (agenda/columns.lua M.format)	a defvar, not a defcustom, so inventory.el does not list it; the column view manual tells users to set it in a custom command's settings; kept for the agenda like org-local-columns-format (refresh, columns off/on); agenda_columns_spec	S
org-list	org-checkbox-hierarchical-statistics	opt	done	-	PROBED: nil -> item [3/4] and headline [2/3], t -> [1/2]/[1/2], same as Emacs; COOKIE_DATA recursive honoured; spec	S
org-list	org-cycle-include-plain-lists	opt	done	-	fold.lua reads true/false/"integrate"; integrate adds CHILDREN state with top-level items folded; fold_spec covers integrate and true	S
org-list	org-list-allow-alphabetical	opt	done	-	lists.lua parse/renumber/cycle/demote and export read it; lists_emacs_spec alphabetical block with non-default config	M
org-list	org-list-automatic-rules	opt	done	-	lists.lua automatic_rule read in checkbox updates and indent_item; spec covers checkbox=false and indent=false	S
org-list	org-list-checkbox-radio-mode-hook	opt	done	-	User OrgListCheckboxRadioMode fired on toggle with enabled/bufnr; documented; spec checks the autocmd fires	S
org-list	org-list-demote-modify-bullet	opt	done	-	PROBED: 1.->a. with -/+ swap on children matches Emacs org-indent-item-tree; spec	S
org-list	org-list-indent-offset	opt	done	-	PROBED: indent_offset=2 gives "    - b" like Emacs; lists.lua fix_ind; spec	S
org-list	org-list-two-spaces-after-bullet-regexp	opt	done	-	PROBED: "[0-9]" renumbers 8./9. to "1.  a" and new item "3.  " like Emacs; spec	S
org-list	org-list-use-circular-motion	opt	done	-	PROBED: next wraps to 1, M-up on first item sends it to bottom keeping blank separation, matches Emacs; spec	S
org-list	org-plain-list-ordered-item-terminator	opt	done	-	lists.lua parse_item_line/cycle_bullet and export item_match read it; spec for "." and ")"	S
org-plot	org-plot/gnuplot-script-preamble	opt	done	config plot_gnuplot_script_preamble	-	-
org-plot	org-plot/gnuplot-term-extra	opt	done	config plot_gnuplot_term_extra	-	-
org-plot	org-plot/preset-plot-types	opt	done	-	table/plot.lua custom_type reads plot_preset_plot_types (Lua functions for lambdas); spec compares generated gnuplot script	M
org-table	org-calc-default-modes	opt	partial	-	agree partial: prec/float format/angle/frac honoured, but calc-symbolic-mode, calc-date-format etc. are not configurable	S
org-table	org-table-allow-automatic-line-recalculation	opt	done	-	table.lua maybe_recalc_line reads it; spec covers # row recalc on Tab and false	S
org-table	org-table-auto-blank-field	opt	done	-	typing.lua blanks field on first char after Tab/S-Tab/CR; spec true/false; C-c C-c case not applicable (Normal-mode key)	S
org-table	org-table-automatic-realign	opt	done	-	motion_write and InsertLeave (org + orgtbl) read it; new row still aligns like org-table-insert-row; spec	S
org-table	org-table-convert-region-max-lines	opt	done	-	table.lua too_long used by create_or_convert/import; spec refuses a 3-line region with limit 2	S
org-table	org-table-copy-increment	opt	done	config table_copy_increment	-	-
org-table	org-table-default-size	opt	done	-	create_or_convert prompt default reads it; spec checks prompt text and 2x3 table with hline	S
org-table	org-table-duration-custom-format	opt	done	config table_duration_custom_format	-	-
org-table	org-table-duration-hour-zero-padding	opt	done	config table_duration_hour_zero_padding	-	-
org-table	org-table-exit-follow-field-mode-when-leaving-table	opt	done	config table_exit_follow_field_mode_when_leaving_table	-	-
org-table	org-table-export-default-format	opt	done	config table_export_default_format	-	-
org-table	org-table-fix-formulas-confirm	opt	done	config table_fix_formulas_confirm	-	-
org-table	org-table-follow-field-mode-hook	opt	done	-	follow.lua start/stop fire User OrgTableFollowFieldMode; spec	S
org-table	org-table-formula-constants	opt	done	config table_formula_constants	-	-
org-table	org-table-formula-create-columns	opt	done	config table_formula_create_columns	-	-
org-table	org-table-formula-evaluate-inline	opt	done	config table_formula_evaluate_inline	-	-
org-table	org-table-formula-field-format	opt	done	-	formula.lua M.evaluate applies format to string results (incl #ERROR like Emacs format call); spec ~%s~	S
org-table	org-table-formula-use-constants	opt	done	-	eval_one passes no_names when false; recalc still substitutes like Emacs (recalculate pre-substitutes names); spec both paths	S
org-table	org-table-header-line-mode-hook	opt	done	-	follow.lua header_line_mode fires User OrgTableHeaderLineMode; spec	S
org-table	org-table-header-line-p	opt	done	config table_header_line_p	-	-
org-table	org-table-number-fraction	opt	done	config table_number_fraction	-	-
org-table	org-table-number-regexp	opt	done	-	PROBED: 18 strings (hex, radix, nan/INF, uinf, 1e, 1:30, 2%...) classified identically to Emacs; custom regexp spec	S
org-table	org-table-relative-ref-may-cross-hline	opt	done	-	PROBED: t/nil/error give Emacs results (error aborts, buffer unchanged); formula.lua rel_row; spec	S
org-table	org-table-shrunk-column-indicator	opt	done	config table_shrunk_column_indicator	-	-
org-table	org-table-tab-jumps-over-hlines	opt	done	-	PROBED: t jumps to 3:2, nil inserts row above hline at 2:2, same as Emacs; spec	S
org-table	org-table-use-standard-references	opt	done	config table_use_standard_references	-	-
org-table	orgtbl-mode-hook	opt	done	-	orgtbl.enable/disable fire User OrgtblMode; spec	S
org-table	orgtbl-optimized	opt	done	orgtbl_optimized	fixed after verification: <BS>/<Del> keep alignment, | plain insert (8d2ea27)	S
org-table	orgtbl-radio-table-templates	opt	done	config orgtbl_radio_table_templates	-	-
org-archive	org-archive-set-tag	cmd	done	actions.lua:133 toggle_archive_tag	toggle sets the tag when absent (Emacs set-only variant)	-
org-archive	org-archive-subtree	cmd	done	actions.lua:359 archive_subtree; archive.lua:313	C-c C-x C-s / C-c $; C-u/C-u C-u variants	-
org-archive	org-archive-subtree-default	cmd	done	config/babel.lua:253 archive_subtree on <C-c><C-x><C-a>	bound key always runs archive_subtree (default command not configurable)	-
org-archive	org-archive-subtree-default-with-confirmation	cmd	done	agenda/view.lua:2691 archive_default	agenda 'a' asks then archives; no org-buffer command	-
org-archive	org-archive-to-archive-sibling	cmd	done	actions.lua:365 archive_to_sibling; archive.lua:447	-	-
org-archive	org-toggle-archive-tag	cmd	done	actions.lua:133 toggle_archive_tag; archive.lua:618	-	-
org-attach	org-attach	cmd	done	actions.lua:373 attach; attach.lua:512 menu	dispatcher with Emacs keys	-
org-attach	org-attach-attach	cmd	done	attach.lua:231 attach_file (menu a)	-	-
org-attach	org-attach-attach-cp	cmd	done	attach.lua:512 menu c	-	-
org-attach	org-attach-attach-ln	cmd	done	attach.lua:512 menu l	-	-
org-attach	org-attach-attach-lns	cmd	done	attach.lua:512 menu y	-	-
org-attach	org-attach-attach-mv	cmd	done	attach.lua:512 menu m	-	-
org-attach	org-attach-buffer	cmd	done	attach.lua:326 attach_buffer (menu b)	-	-
org-attach	org-attach-delete-all	cmd	done	attach.lua:467 delete_all (menu D)	-	-
org-attach	org-attach-delete-one	cmd	done	attach.lua:512 menu d	-	-
org-attach	org-attach-dir-get-create	cmd	done	attach.lua:93 dir_for(target,true)	created via menu f/F; no standalone command	-
org-attach	org-attach-dired-to-subtree	cmd	done	-	attach_from_file_manager: netrw marks/cursor file, oil, Org window, attach.method, error msgs like Emacs; attach_commands_spec	S
org-attach	org-attach-new	cmd	done	attach.lua:512 menu n	-	-
org-attach	org-attach-open	cmd	done	attach.lua:512 menu o	-	-
org-attach	org-attach-open-in-emacs	cmd	done	attach.lua:512 menu O	opens in Neovim	-
org-attach	org-attach-reveal	cmd	done	attach.lua:512 menu f	vim.ui.open on directory	-
org-attach	org-attach-reveal-in-emacs	cmd	done	attach.lua:512 menu F	opens dir in Neovim (netrw/oil)	-
org-attach	org-attach-set-directory	cmd	done	attach.lua:404 set_directory (menu s)	-	-
org-attach	org-attach-sync	cmd	done	attach.lua:375 sync (menu z)	-	-
org-attach	org-attach-unset-directory	cmd	done	attach.lua:442 unset_directory (menu S)	-	-
org-attach	org-attach-url	cmd	done	attach.lua:298 attach_url (menu u)	curl	-
org-capture	org-capture	cmd	done	actions.lua:40 capture; capture.lua:2553	counts 4/16/1 and C-0 (capture_here)	-
org-capture	org-capture-finalize	cmd	done	config/export.lua:180 capture.finalize; capture.lua:2123	-	-
org-capture	org-capture-goto-last-stored	cmd	done	actions.lua:43 capture_goto_last	-	-
org-capture	org-capture-goto-target	cmd	done	actions.lua:42 capture_goto_target	-	-
org-capture	org-capture-kill	cmd	done	config/export.lua:181 capture.kill; capture.lua:2207	-	-
org-capture	org-capture-mode	cmd	done	capture.lua:2476 CAPTURE-<key> buffer + buffer maps	-	-
org-capture	org-capture-refile	cmd	done	config/export.lua:182 capture.refile; capture.lua:2235	-	-
org-capture	org-capture-string	cmd	done	-	capture_string: 'Initial text: ' then menu or key, as org-capture-string; capture_hooks_spec	S
org-clock	org-clock-cancel	cmd	done	actions.lua:54 clock_cancel; clock.lua:712	-	-
org-clock	org-clock-display	cmd	done	actions.lua:277 clock_display; clock.lua:1749	-	-
org-clock	org-clock-goto	cmd	done	actions.lua:52 clock_goto	-	-
org-clock	org-clock-in	cmd	done	actions.lua:260 clock_in	count = history select	-
org-clock	org-clock-in-last	cmd	done	actions.lua:261 clock_in_last	-	-
org-clock	org-clock-mark-default-task	cmd	done	actions.lua:269 clock_mark_default_task; clock.lua:860	-	-
org-clock	org-clock-menu	cmd	done	menu.clock_menu/clock_click; action clock_menu; menu_spec	popup ]OrgClock; statusline %@ click handler recipe in :h org-clock-menu	-
org-clock	org-clock-modify-effort-estimate	cmd	done	actions.lua:265 clock_modify_effort; clock.lua:1655	-	-
org-clock	org-clock-out	cmd	done	actions.lua:53 clock_out	-	-
org-clock	org-clock-remove-overlays	cmd	done	clock.lua:1736 remove_overlays; context.lua:52 (C-c C-c)	-	-
org-clock	org-clock-report	cmd	done	actions.lua:268 clock_report	-	-
org-clock	org-clock-timestamps-down	cmd	done	actions.lua:264 shift_control_down; clock.lua:1105	-	-
org-clock	org-clock-timestamps-up	cmd	done	actions.lua:263 shift_control_up; clock.lua:1105	-	-
org-clock	org-clock-toggle-auto-clockout	cmd	done	actions.lua:270 clock_toggle_auto_clockout	-	-
org-clock	org-clock-update-time-maybe	cmd	done	clock.lua:1072 update_clock_line; context.lua:92	C-c C-c on CLOCK line	-
org-clock	org-resolve-clocks	cmd	done	actions.lua:262 clock_resolve; clock.lua:1551	-	-
org-crypt	org-decrypt-entries	cmd	done	actions.lua:312 crypt_decrypt_entries	-	-
org-crypt	org-decrypt-entry	cmd	done	actions.lua:306 crypt_decrypt_entry	-	-
org-crypt	org-encrypt-entries	cmd	done	actions.lua:307 crypt_encrypt_entries	-	-
org-crypt	org-encrypt-entry	cmd	done	actions.lua:305 crypt_encrypt_entry	-	-
org-ctags	org-ctags-all-tags-in-current-tags-table	cmd	done	-	all_tags via taglist() (Vim tags file instead of TAGS); action ctags_all_tags; ctags_spec	S
org-ctags	org-ctags-append-topic	cmd	done	-	PROBED: text matches Emacs; cursor matches for default template (custom template: cursor line off by one, minor)	S
org-ctags	org-ctags-create-tags	cmd	done	-	create_tags runs ctags with Emacs --langdef/--regex-orgmode args; ctags_spec checks args with fake ctags	S
org-ctags	org-ctags-find-tag	cmd	done	-	find_tag via :tag; plain links go through ctags.open_link hook in links.lua; ctags_spec follows link to other file	S
org-ctags	org-ctags-find-tag-interactive	cmd	done	-	find_tag_interactive: complete among tags, unknown runs open-link functions; ctags_spec	S
org-ctags	org-ctags-get-filename-for-tag	cmd	done	-	get_filename_for_tag returns {filename, cmd}; action prompt; ctags_spec	S
org-ctags	org-ctags-open-file	cmd	done	-	open_file appends capitalized topic template at EOF; covered via visit_buffer_or_file create path in ctags_spec (Emacs text)	S
org-ctags	org-ctags-visit-buffer-or-file	cmd	done	-	visit_buffer_or_file + ask/create variants; ctags_spec	S
org-datetree	org-datetree-cleanup	cmd	done	-	datetree.cleanup mirrors org-datetree-cleanup (skips range ends, inactive, non-tree); DEADLINE/SCHEDULED skip is documented intentional diff	S
org-feed	org-feed-goto-inbox	cmd	done	actions.lua:331 feed_goto_inbox; feed.lua:1293	-	-
org-feed	org-feed-show-raw-feed	cmd	done	commands.lua:44 feed_show_raw; feed.lua:1310	-	-
org-feed	org-feed-update	cmd	done	commands.lua:42 feed_update; feed.lua:1281	-	-
org-feed	org-feed-update-all	cmd	done	actions.lua:330 feed_update_all; feed.lua:1238	-	-
org-footnote	org-footnote-action	cmd	done	actions.lua:104 insert_footnote; footnotes.lua:831	count opens menu (sort/renumber/normalize/delete)	-
org-footnote	org-footnote-goto-definition	cmd	done	footnotes.lua:319 action_at_point (C-c C-c / open_at_point)	no label-prompt variant	-
org-footnote	org-footnote-goto-previous-reference	cmd	done	footnotes.lua:319 action_at_point on definition	no label-prompt variant	-
org-footnote	org-footnote-new	cmd	done	footnotes.lua:433 new_footnote	-	-
org-footnote	org-footnote-normalize	cmd	done	footnotes.lua:710 normalize (menu)	-	-
org-footnote	org-footnote-renumber-fn:N	cmd	done	footnotes.lua:684 renumber (menu)	-	-
org-id	org-id-copy	cmd	done	actions.lua:344 id_copy	-	-
org-id	org-id-get-create	cmd	done	actions.lua:234 id_get_create; id.lua:264	count forces new	-
org-id	org-id-goto	cmd	done	actions.lua:343 id_goto; id.lua:418	-	-
org-id	org-id-store-link	cmd	done	actions.lua:345 id_store_link	-	-
org-id	org-id-update-id-locations	cmd	done	commands.lua:31 id_update_locations; id.lua:352	-	-
org-lint	org-lint	cmd	done	actions.lua:390 lint; lint/init.lua:293 (location list)	-	-
org-lint	org-lint--hide-checker	cmd	vim	lint/init.lua:293 loclist	filter report with :Lfilter! (cfilter)	-
org-lint	org-lint--ignore-checker	cmd	done	-	lint/init.lua report_keys h/i/g in loclist; lint_spec. Minor bug: buffer-local nowait 'g' map shadows gg/g_ in the org-lint loclist	S
org-lint	org-lint--jump-to-source	cmd	vim	lint/init.lua:293 loclist	<CR> in location list	-
org-lint	org-lint--report-mode	cmd	vim	lint/init.lua:293 loclist	location list is the report buffer	-
org-lint	org-lint--show-source	cmd	vim	lint/init.lua:293 loclist	location list preview / :ll	-
org-mobile	org-mobile-apply	cmd	done	commands.lua:47 mobile_apply; mobile.lua:1353	-	-
org-mobile	org-mobile-create-sumo-agenda	cmd	done	mobile.lua:836 create_sumo_agenda (run by push)	not exposed as separate command	-
org-mobile	org-mobile-move-capture	cmd	done	mobile.lua:980 move_capture (run by pull)	not exposed as separate command	-
org-mobile	org-mobile-pull	cmd	done	commands.lua:46 mobile_pull; mobile.lua:1476	-	-
org-mobile	org-mobile-push	cmd	done	commands.lua:45 mobile_push; mobile.lua:893	-	-
org-protocol	org-protocol-create	cmd	done	-	protocol.create prompts/defaults match org-protocol-create; session-only instead of Customize save (documented); protocol_create_spec	S
org-protocol	org-protocol-create-for-org	cmd	done	-	create_for_org uses publish project base_directory/html_extension/base_extension, 'Not in an Org project' msg; protocol_create_spec	S
org-refile	org-refile	cmd	done	actions.lua:349 refile; refile.lua:635	counts 4/16/2/3 like Emacs	-
org-refile	org-refile-copy	cmd	done	actions.lua:355 refile_copy	-	-
org-refile	org-refile-goto-last-stored	cmd	done	actions.lua:358 refile_goto_last	-	-
org-refile	org-refile-reverse	cmd	done	-	PROBED: refile_reverse = refile with inverted reverse_note_order; matches Emacs (empty target, prepend/append); key C-c C-M-w	S
org-timer	org-timer	cmd	done	actions.lua:323 timer_insert; timer.lua:263	-	-
org-timer	org-timer-change-times-in-region	cmd	done	timer.lua:154 (timer_insert with count 16)	-	-
org-timer	org-timer-item	cmd	done	actions.lua:324 timer_item	-	-
org-timer	org-timer-pause-or-continue	cmd	done	actions.lua:322 timer_pause	-	-
org-timer	org-timer-set-timer	cmd	done	actions.lua:325 timer_countdown	-	-
org-timer	org-timer-show-remaining-time	cmd	done	actions.lua:326 timer_remaining	-	-
org-timer	org-timer-start	cmd	done	actions.lua:320 timer_start	-	-
org-timer	org-timer-stop	cmd	done	actions.lua:321 timer_stop	-	-
org-archive	org-archive-default-command	opt	done	-	archive_subtree_default dispatches subtree/sibling/set_tag/function; C-c C-x C-a and agenda use it; archive_refile_extra_spec	S
org-archive	org-archive-file-header-format	opt	done	config archive_file_header_format	-	-
org-archive	org-archive-finalize-hook	opt	done	archive.lua:413 User OrgArchiveFinalize	-	-
org-archive	org-archive-hook	opt	done	archive.lua:428 User OrgArchive	-	-
org-archive	org-archive-mark-done	opt	done	config archive_mark_done	-	-
org-archive	org-archive-reversed-order	opt	done	config archive_reversed_order	-	-
org-archive	org-archive-save-context-info	opt	done	config archive_save_context_info	-	-
org-archive	org-archive-sibling-heading	opt	done	config archive_sibling_heading	-	-
org-archive	org-archive-stamp-time	opt	na	-	obsolete in Emacs, no effect	-
org-archive	org-archive-subtree-add-inherited-tags	opt	done	config archive_subtree_add_inherited_tags	-	-
org-archive	org-archive-subtree-save-file-p	opt	done	-	archive_subtree save controlled by true/false/from_org/from_agenda, agenda passes from_agenda; spec covers all values	S
org-attach	org-attach-archive-delete	opt	done	config attach.archive_delete	-	-
org-attach	org-attach-auto-tag	opt	done	config attach.auto_tag	-	-
org-attach	org-attach-commands	opt	done	-	attach.commands merged over built-ins (false removes) instead of replacing the list; reasonable Lua adaptation; attach_commands_spec	S
org-attach	org-attach-dir-relative	opt	done	config attach.dir_relative	-	-
org-attach	org-attach-expert	opt	done	-	attach.expert: one-line 'Select command: [...]' getchar prompt instead of menu; attach_commands_spec	S
org-attach	org-attach-id-dir	opt	done	config attach.dir	-	-
org-attach	org-attach-id-to-path-function-list	opt	done	config attach.id_to_path	-	-
org-attach	org-attach-method	opt	done	config attach.method	-	-
org-attach	org-attach-preferred-new-method	opt	done	config attach.preferred_new_method	-	-
org-attach	org-attach-store-link-p	opt	done	config attach.store_link	-	-
org-attach	org-attach-sync-delete-empty-dir	opt	done	config attach.sync_delete_empty_dir	-	-
org-attach	org-attach-use-inheritance	opt	done	config attach.use_inheritance	-	-
org-attach-git	org-attach-git-annex-auto-get	opt	done	config attach.git_annex_auto_get	-	-
org-attach-git	org-attach-git-annex-cutoff	opt	done	config attach.git_annex_cutoff	-	-
org-attach-git	org-attach-git-dir	opt	done	config attach.git_dir; attach_git.lua	-	-
org-capture	org-capture-after-finalize-hook	opt	done	-	OrgCaptureAfterFinalize after template after_finalize, also on abort (like Emacs finalize via kill); capture_hooks_spec	S
org-capture	org-capture-before-finalize-hook	opt	done	-	OrgCaptureBeforeFinalize after template before_finalize, not on kill (Emacs binds hook nil); capture_hooks_spec	S
org-capture	org-capture-mode-hook	opt	vim	capture.lua:2476 CAPTURE-<key> buffer; template hook	BufEnter CAPTURE-* autocmd; per-template hook	-
org-capture	org-capture-prepare-finalize-hook	opt	done	-	OrgCapturePrepareFinalize after template prepare_finalize incl. abort/immediate; capture_hooks_spec	S
org-capture	org-capture-templates	opt	done	config capture.templates	-	-
org-capture	org-capture-templates-contexts	opt	done	config capture.templates_contexts	-	-
org-capture	org-capture-use-agenda-date	opt	done	-	prompt() uses agenda cursor_date when capture.use_agenda_date in orgagenda, count 1 with time (org-get-cursor-date); capture_hooks_spec	S
org-clock	org-clock-ask-before-exiting	opt	done	config clock.ask_before_exiting	-	-
org-clock	org-clock-auto-clock-resolution	opt	done	config clock.auto_clock_resolution	-	-
org-clock	org-clock-auto-clockout-timer	opt	done	config clock.auto_clockout_timer	-	-
org-clock	org-clock-clocked-in-display	opt	vim	clock.lua:1600 statusline(); init.lua statusline	user places component in statusline/titlestring	-
org-clock	org-clock-clocktable-default-properties	opt	done	-	PROBED: header ':scope file :maxlevel 3 :compact t' identical to Emacs incl. :scope override from defaults; keys after maxlevel sorted	S
org-clock	org-clock-clocktable-formatter	opt	done	-	clocktable_formatter(tables, params) replaces the table text; per-block :formatter param unsupported (Lisp symbol); clock_options_spec	S
org-clock	org-clock-clocktable-language-setup	opt	done	clock.lua:1912 M.languages	extend via Lua table, not config	-
org-clock	org-clock-continuously	opt	done	config clock.continuously	-	-
org-clock	org-clock-display-default-range	opt	done	config clock.display_default_range	-	-
org-clock	org-clock-file-time-cell-format	opt	done	-	file_time_cell_format applies to 'File time' label as Emacs; multi-file table in clock_options_spec	S
org-clock	org-clock-frame-title-format	opt	vim	clock.lua:1600 statusline()	use in 'titlestring'	-
org-clock	org-clock-goto-before-context	opt	done	config clock.goto_before_context	-	-
org-clock	org-clock-goto-may-find-recent-task	opt	done	config clock.goto_may_find_recent_task	-	-
org-clock	org-clock-heading-function	opt	done	config clock.heading_function	-	-
org-clock	org-clock-history-length	opt	done	config clock.history_length	-	-
org-clock	org-clock-idle-time	opt	done	config clock.idle_time	-	-
org-clock	org-clock-in-resume	opt	done	config clock.in_resume	-	-
org-clock	org-clock-in-switch-to-state	opt	done	config clock.in_switch_to_state	-	-
org-clock	org-clock-into-drawer	opt	done	config clock.into_drawer	-	-
org-clock	org-clock-mode-line-total	opt	done	config clock.mode_line_total	-	-
org-clock	org-clock-out-remove-zero-time-clocks	opt	done	config clock.out_remove_zero_time	-	-
org-clock	org-clock-out-switch-to-state	opt	done	config clock.out_switch_to_state	-	-
org-clock	org-clock-out-when-done	opt	done	config clock.out_when_done	-	-
org-clock	org-clock-persist	opt	done	config clock.persist	-	-
org-clock	org-clock-persist-file	opt	done	config clock.persist_file	-	-
org-clock	org-clock-persist-query-resume	opt	done	config clock.persist_query_resume	-	-
org-clock	org-clock-persist-query-save	opt	done	-	query_save on VimLeavePre asks 'Save current clock (X)?' like org-clock-save; decline drops running clock; clock_options_spec	S
org-clock	org-clock-report-include-clocking-task	opt	done	config clock.report_include_clocking_task	-	-
org-clock	org-clock-resolve-expert	opt	done	-	resolve_expert: getchar prompt with [jkKtTgGSscCiq]?, re-asks invalid keys; clock_options_spec (prompt adds ': <heading>', minor)	S
org-clock	org-clock-rounding-minutes	opt	done	config clock.rounding_minutes	-	-
org-clock	org-clock-sound	opt	done	config clock.sound	-	-
org-clock	org-clock-string-limit	opt	done	config clock.string_limit	-	-
org-clock	org-clock-task-overrun-text	opt	done	config clock.task_overrun_text	-	-
org-clock	org-clock-total-time-cell-format	opt	done	-	PROBED: '=Total time=' / '=1:30=' cells identical to Emacs clock report	S
org-clock	org-clock-x11idle-program-name	opt	done	-	x11idle_program: configured, else xprintidle if executable else x11idle (Emacs default); fake program spec	S
org-clock	org-clocktable-defaults	opt	done	config clock.clocktable_default	-	-
org-clock	org-show-notification-handler	opt	done	config clock.notification_handler	-	-
org-clock	org-show-notification-timeout	opt	vim	config clock.notification_handler	timeout handled by vim.notify / notify plugin	-
org-clock	org-task-overrun-text	opt	done	config clock.task_overrun_text	obsolete alias of org-clock-task-overrun-text	-
org-crypt	org-crypt-disable-auto-save	opt	done	config crypt.disable_auto_save	swap/undo files	-
org-crypt	org-crypt-key	opt	done	config crypt.key	-	-
org-crypt	org-crypt-tag-matcher	opt	done	config crypt.tag_matcher	-	-
org-ctags	org-ctags-new-topic-template	opt	done	-	PROBED: custom template text matches Emacs (* <<New Thing>>); topic_text reads option. Cursor after custom template off by one line	S
org-ctags	org-ctags-open-link-functions	opt	done	-	open_link runs names/functions in order; links.lua calls it before internal search; ctags_spec incl. fallback when all decline	S
org-ctags	org-ctags-path-to-ctags	opt	done	-	program(): path_to_ctags else ctags-exuberant if installed else ctags; spec uses configured fake	S
org-datetree	org-datetree-add-timestamp	opt	done	-	PROBED: inactive stamp indented 4 with adapt_indentation in middle of tree; t => active; identical to Emacs	S
org-feed	org-feed-after-adding-hook	opt	done	feed.lua:1231 User OrgFeedAfterAdding	-	-
org-feed	org-feed-alist	opt	done	config feed.feeds	-	-
org-feed	org-feed-before-adding-hook	opt	done	feed.lua:1201 User OrgFeedBeforeAdding	-	-
org-feed	org-feed-default-template	opt	done	config feed.default_template	-	-
org-feed	org-feed-drawer	opt	done	config feed.drawer	-	-
org-feed	org-feed-retrieve-method	opt	done	config feed.retrieve_method	-	-
org-feed	org-feed-save-after-adding	opt	done	config feed.save_after_adding	-	-
org-footnote	org-footnote-auto-adjust	opt	done	config footnote_auto_adjust	-	-
org-footnote	org-footnote-auto-label	opt	done	config footnote_auto_label	-	-
org-footnote	org-footnote-define-inline	opt	done	config footnote_define_inline	-	-
org-footnote	org-footnote-fill-after-inline-note-extraction	opt	done	-	PROBED: refill joins lines with two spaces after sentence end, fills at textwidth; identical to Emacs (fill-column 40)	S
org-footnote	org-footnote-section	opt	done	config footnote_section	-	-
org-id	org-id-completion-targets	opt	done	-	complete_id via refile targets (current + id files), creates ID, no-file drops current targets, 'Link: ' 'id:' fallback as Emacs	S
org-id	org-id-extra-files	opt	done	config id.extra_files	-	-
org-id	org-id-include-domain	opt	done	-	new_id appends @fqdn for ts/org only (as org-id-new), fqdn like message-make-fqdn; id_completion_spec	S
org-id	org-id-link-consider-parent-id	opt	done	config id.link_consider_parent_id	-	-
org-id	org-id-link-to-org-use-id	opt	done	config/agenda.lua:254 links id option	-	-
org-id	org-id-link-use-context	opt	done	config id.link_use_context	-	-
org-id	org-id-locations-file	opt	done	config id.locations_file	-	-
org-id	org-id-locations-file-relative	opt	done	config id.locations_file_relative	-	-
org-id	org-id-method	opt	done	config id.method	-	-
org-id	org-id-prefix	opt	done	config id.prefix	-	-
org-id	org-id-search-archives	opt	done	config id.search_archives	-	-
org-id	org-id-track-globally	opt	done	id.lua:189 register	always tracked; cannot be turned off	-
org-id	org-id-ts-format	opt	done	config id.ts_format	-	-
org-id	org-id-uuid-program	opt	na	-	UUIDs generated in Lua; external program knob irrelevant	-
org-mobile	org-mobile-agendas	opt	done	config mobile.agendas	-	-
org-mobile	org-mobile-allpriorities	opt	done	config mobile.allpriorities	-	-
org-mobile	org-mobile-checksum-binary	opt	done	config mobile.checksum_binary	-	-
org-mobile	org-mobile-directory	opt	done	config mobile.directory	-	-
org-mobile	org-mobile-encryption-password	opt	done	config mobile.encryption_password	-	-
org-mobile	org-mobile-encryption-tempfile	opt	na	-	internal temp file path	-
org-mobile	org-mobile-files	opt	done	config mobile.files	-	-
org-mobile	org-mobile-files-exclude-regexp	opt	done	config mobile.files_exclude_regexp	-	-
org-mobile	org-mobile-force-id-on-agenda-items	opt	done	config mobile.force_id_on_agenda_items	-	-
org-mobile	org-mobile-force-mobile-change	opt	done	config mobile.force_mobile_change	-	-
org-mobile	org-mobile-inbox-for-pull	opt	done	config mobile.inbox_for_pull	-	-
org-mobile	org-mobile-index-file	opt	done	config mobile.index_file	-	-
org-mobile	org-mobile-use-encryption	opt	done	config mobile.use_encryption	-	-
org-protocol	org-protocol-data-separator	opt	done	-	PROBED: split keeps empty parts and decodes, identical to Emacs for 'a//b?c??d/' and '/lead/x%2Fy'; option is a Vim regex (documented)	S
org-protocol	org-protocol-default-template-key	opt	done	config protocol.default_template_key	-	-
org-protocol	org-protocol-project-alist	opt	done	config protocol.projects	-	-
org-protocol	org-protocol-protocol-alist	opt	done	config protocol.handlers	-	-
org-protocol	org-protocol-reverse-list-of-files	opt	na	-	emacsclient argument-order quirk	-
org-refile	org-log-refile	opt	done	config refile.log	-	-
org-refile	org-outline-path-complete-in-steps	opt	done	config refile.outline_path_complete_in_steps	-	-
org-refile	org-refile-active-region-within-subtree	opt	done	config refile.active_region_within_subtree	-	-
org-refile	org-refile-allow-creating-parent-nodes	opt	done	config refile.allow_creating_parent_nodes	-	-
org-refile	org-refile-target-verify-function	opt	done	config refile.verify	-	-
org-refile	org-refile-targets	opt	done	config refile.targets	-	-
org-refile	org-refile-use-cache	opt	done	config refile.use_cache	-	-
org-refile	org-refile-use-outline-path	opt	done	config refile.use_outline_path	-	-
org-timer	org-timer-default-timer	opt	done	config timer.default_timer	-	-
org-timer	org-timer-display	opt	vim	timer.lua:432 statusline()	user places component in statusline/titlestring	-
org-timer	org-timer-format	opt	done	config timer.format	-	-
ob-core	org-babel-check-src-block	cmd	done	action babel_check (babel/init.lua:3417)	C-c C-v c equivalent	-
ob-core	org-babel-demarcate-block	cmd	done	action babel_demarcate (babel/init.lua:3576)	split / wrap selection / insert block	-
ob-core	org-babel-do-key-sequence-in-edit-buffer	cmd	done	action babel_do_key_sequence (babel/init.lua:3155)	runs Normal-mode keys in edit buffer	-
ob-core	org-babel-examplify-region	cmd	done	action toggle_fixed_width; babel/results.lua:263	no single command; `: ` lines via toggle_fixed_width, example block via structure template	-
ob-core	org-babel-execute-buffer	cmd	done	action babel_execute_buffer (babel/init.lua:2436)	-	-
ob-core	org-babel-execute-maybe	cmd	done	action babel_execute / context_action	src block, #+CALL, inline src/call	-
ob-core	org-babel-execute-src-block	cmd	done	action babel_execute (babel/init.lua:2058)	count forces :cache re-run	-
ob-core	org-babel-execute-src-block-maybe	cmd	done	action context_action -> babel ctrl_c_ctrl_c (babel/init.lua:2698)	-	-
ob-core	org-babel-execute-subtree	cmd	done	action babel_execute_subtree (babel/init.lua:2444)	-	-
ob-core	org-babel-expand-src-block	cmd	done	action babel_expand (babel/init.lua:2906)	-	-
ob-core	org-babel-expand-src-block-maybe	cmd	done	action babel_expand	-	-
ob-core	org-babel-goto-named-result	cmd	done	action babel_goto_named_result (babel/init.lua:3510)	-	-
ob-core	org-babel-goto-named-src-block	cmd	done	action babel_goto_named (babel/init.lua:3486)	-	-
ob-core	org-babel-goto-src-block-head	cmd	done	action babel_goto_head (babel/init.lua:3541)	-	-
ob-core	org-babel-hash-at-point	cmd	done	-	hash_at_point wired into C-c C-c (context.lua) + action; copies to unnamed reg; spec covers copy and not-on-hash false	S
ob-core	org-babel-hide-result-toggle	cmd	done	fold.lua:164 (TAB on #+RESULTS)	results fold as a Vim fold	-
ob-core	org-babel-hide-result-toggle-maybe	cmd	done	fold.lua:164	-	-
ob-core	org-babel-initiate-session	cmd	done	action babel_switch_to_session (babel/session.lua:682)	sessions start on demand / C-c C-v C-z	-
ob-core	org-babel-insert-header-arg	cmd	done	action babel_insert_header_arg (babel/init.lua:3443)	-	-
ob-core	org-babel-load-in-session	cmd	done	action babel_load_in_session (babel/init.lua:3038)	-	-
ob-core	org-babel-load-in-session-maybe	cmd	done	action babel_load_in_session	-	-
ob-core	org-babel-mark-block	cmd	done	action babel_mark_block (babel/init.lua:3137)	-	-
ob-core	org-babel-next-src-block	cmd	done	action babel_next_block (babel/init.lua:2505)	-	-
ob-core	org-babel-open-src-block-result	cmd	done	action babel_open_result (babel/init.lua:3553)	-	-
ob-core	org-babel-pop-to-session	cmd	done	action babel_switch_to_session (babel/init.lua:2999)	alias of switch-to-session in Emacs	-
ob-core	org-babel-pop-to-session-maybe	cmd	done	action babel_switch_to_session	-	-
ob-core	org-babel-previous-src-block	cmd	done	action babel_prev_block (babel/init.lua:2517)	-	-
ob-core	org-babel-remove-inline-result	cmd	done	-	PROBED: tab+space before macro, macro on later paragraph line: buffer text identical to Emacs 9.8.10	S
ob-core	org-babel-remove-result	cmd	done	action babel_remove_result (babel/init.lua:2486)	src blocks and #+CALL; inline results not handled (see remove-inline-result)	-
ob-core	org-babel-remove-result-one-or-many	cmd	done	action babel_remove_result with count (babel/init.lua:2469)	-	-
ob-core	org-babel-result-hide-all	cmd	done	action babel_hide_all_results (babel/init.lua:2682)	-	-
ob-core	org-babel-sha1-hash	cmd	done	action babel_sha1_hash (babel/init.lua:3082)	-	-
ob-core	org-babel-switch-to-session	cmd	done	action babel_switch_to_session (babel/init.lua:2999)	-	-
ob-core	org-babel-switch-to-session-with-code	cmd	done	action babel_switch_to_session_with_code (babel/init.lua:3027)	-	-
ob-core	org-babel-view-src-block-info	cmd	done	action babel_view_info (babel/init.lua:2916)	-	-
ob-exp	org-babel-exp-process-buffer	cmd	done	babel/init.lua:3197 export_evaluate	run automatically by export (babel.evaluate_on_export)	-
ob-exp	org-babel-exp-src-block	cmd	done	babel/init.lua:3197 export_evaluate	per-block :exports handling in export	-
ob-haskell	org-babel-haskell-export-to-lhs	cmd	done	-	PROBED: .lhs code sections and %include line equal Emacs; with -i Emacs loses the code (match-data bug), org.nvim keeps it	S
ob-lilypond	org-babel-lilypond-tangle	cmd	done	-	action -> lilypond.tangle: tangle, rename .lilypond->.ly, compile flags, error line, pdf/midi open as Emacs; spec with fake lilypond	M
ob-lilypond	org-babel-lilypond-toggle-arrange-mode	cmd	done	-	toggles arrange_mode and header args (immediate switch documented); prepare() reads arrange_mode; spec	M
ob-lilypond	org-babel-lilypond-toggle-html-generation	cmd	done	-	toggles gen_html, read by compile_lilyfile (--html); message as Emacs; spec	M
ob-lilypond	org-babel-lilypond-toggle-midi-play	cmd	done	-	toggles play_midi_post_tangle, read by open_results; defaults t as Emacs; spec	M
ob-lilypond	org-babel-lilypond-toggle-pdf-display	cmd	done	-	toggles display_pdf_post_tangle, read by open_results; spec	M
ob-lilypond	org-babel-lilypond-toggle-pdf-generation	cmd	done	-	toggles gen_pdf (default nil as Emacs) read by compile_lilyfile; spec	M
ob-lilypond	org-babel-lilypond-toggle-png-generation	cmd	done	-	toggles gen_png read by compile_lilyfile; spec checks --png in arrange run	M
ob-lob	org-babel-lob-execute-maybe	cmd	done	context_action on #+CALL (babel/init.lua:2698)	-	-
ob-lob	org-babel-lob-ingest	cmd	done	action babel_lob_ingest (babel/init.lua:2785)	-	-
ob-processing	org-babel-processing-view-sketch	cmd	done	-	action runs processing-java on DIR/DIR.pde (Emacs via processing-mode's sketch-run); non-processing block message; spec	S
ob-screen	org-babel-screen-test	cmd	done	-	full ob-screen port (socketname, -mS, readreg/paste); test() mirrors Emacs; spec runs real screen	S
ob-shell	org-babel-shell-initialize	cmd	na	-	Emacs re-defines execute functions after changing shell names; config is read live here	-
ob-tangle	org-babel-detangle	cmd	done	:Org detangle (babel/tangle.lua:646)	-	-
ob-tangle	org-babel-tangle	cmd	done	action babel_tangle, :Org tangle (babel/tangle.lua:403)	-	-
ob-tangle	org-babel-tangle-clean	cmd	done	:Org tangle_clean (babel/tangle.lua:709)	-	-
ob-tangle	org-babel-tangle-file	cmd	done	action babel_tangle_file (babel/init.lua:2621)	-	-
ob-tangle	org-babel-tangle-jump-to-org	cmd	done	:Org tangle_jump (babel/tangle.lua:667)	-	-
ol	org-insert-all-links	cmd	done	action insert_all_links (links.lua:2571)	-	-
ol	org-insert-last-stored-link	cmd	done	action insert_last_stored_link (links.lua:2564)	-	-
ol	org-insert-link	cmd	done	action insert_link (links.lua:2437)	-	-
ol	org-insert-link-global	cmd	done	:Org insert_link (commands.lua, links.lua:2437)	works in any buffer via :Org; no default global key	-
ol	org-link-open-from-string	cmd	done	-	PROBED: 'No valid link' and 'Garbage after link' messages identical to Emacs for 3 inputs; action + :Org command registered	S
ol	org-link-preview	cmd	done	action link_preview (ui/images.lua)	-	-
ol	org-link-preview-clear	cmd	done	:Org link_preview_clear (commands.lua:59)	-	-
ol	org-link-preview-refresh	cmd	done	action link_preview_refresh	-	-
ol	org-link-preview-region	cmd	done	:Org link_preview_region (commands.lua:54)	-	-
ol	org-next-link	cmd	done	action next_link (links.lua:2754)	-	-
ol	org-previous-link	cmd	done	action prev_link (links.lua:2763)	-	-
ol	org-store-link	cmd	done	action store_link (links.lua:2058)	global, works in any buffer	-
ol	org-toggle-link-display	cmd	done	action toggle_link_display (links.lua:2582)	-	-
ol	org-update-radio-target-regexp	cmd	done	context.lua:112 (C-c C-c on radio target)	-	-
ol-bibtex	org-bibtex	cmd	done	-	PROBED(via headline_entry): export writes joined entries, prompt 'BibTeX file: ' default FILE.bib; spec checks file text	M
ol-bibtex	org-bibtex-check	cmd	done	-	PROBED: missing CUSTOM_ID filled by autokey identical to Emacs; prompts for missing fields covered by spec	M
ol-bibtex	org-bibtex-check-all	cmd	done	-	iterates every headline via check; spec checks all headlines are fleshed out	M
ol-bibtex	org-bibtex-create	cmd	done	-	code mirrors org-bibtex-create (type prompt, title, fleshout, org-bibtex-tags); spec covers creation and unknown type	M
ol-bibtex	org-bibtex-create-in-current-entry	cmd	done	-	create(optional,true): default type from headline, no title prompt, fleshout asks title like Emacs; spec covers	M
ol-bibtex	org-bibtex-export-to-kill-ring	cmd	done	-	copies headline_entry to unnamed register; warns instead of type error (documented); spec covers	M
ol-bibtex	org-bibtex-import-from-file	cmd	done	-	read_file + write per entry; spec checks entries/tags/prefix; trailing blank-line count difference is minor	M
ol-bibtex	org-bibtex-read	cmd	done	-	PROBED: raw field values ({TeX} braces kept, quoted/bare values) produce the same written headline as Emacs	M
ol-bibtex	org-bibtex-read-buffer	cmd	done	-	parses all entries, 'Parsed N entries' message; spec covers	M
ol-bibtex	org-bibtex-read-file	cmd	done	-	reads file then read_buffer; exercised by import spec	M
ol-bibtex	org-bibtex-search	cmd	done	-	PROBED(nvim only): real agenda search shows 'Bib search results:' and only the BTYPE headline; query string equals Emacs format	M
ol-bibtex	org-bibtex-write	cmd	done	-	PROBED: written headline, aligned properties, tags from keywords + org-bibtex-tags identical to Emacs	M
ol-bibtex	org-bibtex-yank	cmd	done	-	yank count=update into headline; reads only yanked text (documented diff); spec covers both modes	M
ol-eww	org-eww-copy-for-org-mode	cmd	emacs-only	-	copies an eww (Emacs web browser) buffer with links	-
ol-w3m	org-w3m-copy-for-org-mode	cmd	emacs-only	-	copies an emacs-w3m buffer with links	-
org-src	org-edit-comment-block	cmd	done	special.lua:445 edit_element (via edit_special)	-	-
org-src	org-edit-export-block	cmd	done	special.lua:445 edit_element	filetype from backend	-
org-src	org-edit-fixed-width-region	cmd	done	special.lua:497	-	-
org-src	org-edit-footnote-reference	cmd	done	special.lua:242 edit_object	-	-
org-src	org-edit-inline-src-code	cmd	done	special.lua:242 edit_object	-	-
org-src	org-edit-latex-environment	cmd	done	special.lua:530	-	-
org-src	org-edit-latex-fragment	cmd	done	special.lua:188/242	-	-
org-src	org-edit-src-abort	cmd	done	mappings.edit_src.abort (special.lua:170)	-	-
org-src	org-edit-src-code	cmd	done	action edit_special (babel/init.lua:2540)	-	-
org-src	org-edit-src-continue	cmd	done	-	continue_at_point switches to existing edit buffer or errors 'No sub-editing buffer for area at point'; spec covers	S
org-src	org-edit-src-exit	cmd	done	mappings.edit_src.save_exit (special.lua:158)	-	-
org-src	org-edit-src-save	cmd	done	:w in edit buffer (special.lua:141 BufWriteCmd)	-	-
org-src	org-edit-table.el	cmd	done	table/el.lua:860 via edit_special	-	-
org-src	org-escape-code-in-region	cmd	done	-	PROBED: escape of tab-indented *, ,,#+, bare #+ and * lines identical to Emacs; x-mode action on selected lines	S
org-src	org-src-associate-babel-session	cmd	done	-	edit buffer gets b:org_babel_session for :session blocks, send mapping evaluates in it; spec covers (lua session)	M
org-src	org-src-do-key-sequence-at-code-block	cmd	done	action babel_do_key_sequence (babel/init.lua:3155)	-	-
org-src	org-src-mode	cmd	done	special.lua:32 (acwrite edit buffer with save/abort maps)	-	-
org-src	org-unescape-code-in-region	cmd	done	-	PROBED: unescape identical to Emacs incl. ,x left alone and ,,* -> ,*	S
ob-C	org-babel-C++-compiler	opt	done	babel.languages["C++"].cmd / cpp.cmd	-	-
ob-C	org-babel-C-compiler	opt	done	babel.languages.C.cmd	-	-
ob-C	org-babel-D-compiler	opt	done	babel.languages.D.cmd	-	-
ob-R	org-babel-R-command	opt	done	babel.languages.R.cmd (Rscript; sessions run R)	-	-
ob-clojure	ob-clojure-babashka-command	opt	done	-	command() reads babashka_command, nil = exepath bb like Emacs; spec with fake bb	M
ob-clojure	ob-clojure-cli-command	opt	done	-	cli_command read in command(); nil = clojure -M; spec checks custom value	M
ob-clojure	ob-clojure-nbb-command	opt	done	-	nbb_command read; nil = nbb or npx nbb; spec runs nbb path with cljs printing	M
ob-clojure	org-babel-clojure-backend	opt	done	-	backend option + :backend header, auto-detect bb/clojure; cider/inf-clojure/slime error (emacs-only); spec	M
ob-clojure	org-babel-clojure-default-ns	opt	emacs-only	-	only used by the cider/inf-clojure backends (Emacs packages); :ns works	M
ob-clojure	org-babel-clojurescript-backend	opt	done	-	cljs_backend() read; minor: if unset and no nbb/npx it falls back to the clojure backend where Emacs errors "Invalid backend"	M
ob-comint	org-babel-comint-fallback-regexp-threshold	opt	na	-	comint prompt-detection timing; sessions here use begin/end markers	-
ob-core	org-babel-hash-show-time	opt	done	babel.hash_show_time	-	-
ob-core	org-babel-inline-result-wrap	opt	done	babel.inline_result_wrap	-	-
ob-core	org-babel-no-eval-on-ctrl-c-ctrl-c	opt	done	babel.no_eval_on_ctrl_c_ctrl_c	-	-
ob-core	org-babel-noweb-wrap-end	opt	done	babel.noweb_wrap_end	-	-
ob-core	org-babel-noweb-wrap-start	opt	done	babel.noweb_wrap_start	-	-
ob-core	org-babel-remote-temporary-directory	opt	emacs-only	-	TRAMP remote :dir execution; no TRAMP in Neovim	-
ob-core	org-babel-results-keyword	opt	done	babel.results_keyword	-	-
ob-core	org-babel-uppercase-example-markers	opt	done	-	read in babel/results.lua; spec checks #+BEGIN_EXAMPLE/#+END_EXAMPLE on long output	S
ob-core	org-confirm-babel-evaluate	opt	done	babel.confirm_evaluate	bool or function(lang, body)	-
ob-csharp	org-babel-csharp-additional-project-flags	opt	done	-	project_file() appends it in PropertyGroup exactly like Emacs; spec compares project file	M
ob-csharp	org-babel-csharp-compiler	opt	done	-	compiler used by default restore/build and --list-sdks; spec with fake dotnet (+ real dotnet run)	M
ob-csharp	org-babel-csharp-default-target-framework	opt	done	-	default_framework(): option else netN.0 of newest SDK like Emacs; spec (net9.0 from fake --list-sdks)	M
ob-csharp	org-babel-csharp-generate-compile-command	opt	done	-	Lua function option called with (project, bin); default format equals Emacs; spec uses custom fn	M
ob-csharp	org-babel-csharp-generate-restore-command	opt	done	-	Lua function option called with project; spec uses custom fn	M
ob-ditaa	org-ditaa-default-exec-mode	opt	done	-	exec_mode jar/ditaa selects exec form; eps/pdf force jar like Emacs; spec both modes	S
ob-ditaa	org-ditaa-eps-jar-path	opt	done	-	eps_jar_path or DitaaEps.jar beside jar_path; epstopdf for pdf; spec	S
ob-ditaa	org-ditaa-exec	opt	done	-	exec used in ditaa mode; command equals Emacs format; spec with fake ditaa	S
ob-ditaa	org-ditaa-jar-path	opt	done	-	jar_path used in jar mode with Emacs's missing-jar error; spec	S
ob-ditaa	org-ditaa-java-exec	opt	done	-	java_exec + :java options + -jar as Emacs; spec	S
ob-exp	org-babel-exp-call-line-template	opt	done	-	PROBED: #+call line and call_ object replaced by template text identical to Emacs (block results aside)	S
ob-exp	org-babel-exp-code-template	opt	done	-	PROBED: %lang/%name/%body/%dir match Emacs; minor: undocumented %flags left literal w/o :flags, %results word order differs	S
ob-exp	org-babel-exp-inline-code-template	opt	done	-	PROBED: %lang/%body/%name match Emacs; minor: %results gives 'raw replace value' vs Emacs 'raw replace'	S
ob-exp	org-export-use-babel	opt	done	babel.evaluate_on_export	-	-
ob-fortran	org-babel-fortran-compiler	opt	done	-	PROBED: expansion (includes/defines/matrix var/prologue twice, :main no) equals Emacs; cmd used for compile; spec with real gfortran	S
ob-gnuplot	*org-babel-gnuplot-terms*	opt	done	-	PROBED: :file a.SVG picks terms[svg] like Emacs (downcased ext); header-arg expansion identical	M
ob-groovy	org-babel-groovy-command	opt	done	-	cmd read; Runner wrapper for value, :var ignored as in Emacs; spec with fake groovy	S
ob-haskell	org-babel-haskell-compiler	opt	done	-	compiler used for :compile yes (ghc -o bin flags src libs) like org-babel-haskell-execute; spec with fake ghc	M
ob-java	org-babel-java-command	opt	done	-	cmd / :java used in run command; faithful expand/expand-for-evaluation port; spec with fake javac/java	M
ob-java	org-babel-java-compiler	opt	done	-	compiler / :javac used; spec	M
ob-java	org-babel-java-hline-to	opt	done	-	PROBED: table var with hline expands to Arrays.asList(..., NULL, ...) identical to Emacs	M
ob-java	org-babel-java-null-to	opt	done	-	null symbol in value result -> null_to (hline default); spec	M
ob-js	org-babel-js-cmd	opt	done	babel.languages.js.cmd and :cmd header (babel/init.lua:836)	-	-
ob-julia	org-babel-julia-command	opt	done	-	cmd runs expansion/WRITE_OBJECT; table vars via real CSV file (Emacs passes CSV text as filename, a bug; documented); spec	M
ob-latex	org-babel-latex-begin-env	opt	done	-	begin_env (string/function) used in svg path like Emacs funcall; spec with function	M
ob-latex	org-babel-latex-end-env	opt	done	-	end_env used in svg path; spec	M
ob-latex	org-babel-latex-htlatex	opt	done	-	htlatex executable checked and run for html like Emacs; spec with fake htlatex	M
ob-latex	org-babel-latex-htlatex-packages	opt	done	-	\usepackage lines from htlatex_packages in html .tex, same defaults; spec checks htlatex input	M
ob-latex	org-babel-latex-pdf-svg-process	opt	done	-	compile_file with %f/%O for svg; spec with custom value	M
ob-latex	org-babel-latex-preamble	opt	done	-	preamble string/function in svg .tex; spec with function	M
ob-latex	org-babel-latex-process-alist	opt	done	-	process_alist.png used by formula_image (latex+dvipng default); spec with custom png process	M
ob-lilypond	org-babel-lilypond-commands	opt	done	-	commands() option else platform default (mac/win/other) as Emacs; used for lilypond/viewer/player; spec	M
ob-lisp	org-babel-lisp-dir-fmt	opt	done	-	dir_fmt formatted with %S dir then %%s body like Emacs; spec checks wrapped form (default value path)	M
ob-lisp	org-babel-lisp-eval-fn	opt	partial	-	agree: slime-eval/sly-eval choice is Emacs-only; cmd (sbcl --script) substitute evaluates like eval-and-grab-output; spec with fake sbcl	M
ob-lua	org-babel-lua-None-to	opt	done	-	lua_table_or_string maps None to None_to; spec (in-process and external lua)	S
ob-lua	org-babel-lua-command	opt	done	-	PROBED: cmd="lua" external mode gives same results as Emacs (table var, multiple values); default nvim in-process documented	M
ob-lua	org-babel-lua-hline-to	opt	done	-	PROBED: hline_to "'H'" -> t[2]=="H" both in-process and external, equal to Emacs	S
ob-lua	org-babel-lua-mode	opt	vim	filetype lua	Emacs major-mode choice; Neovim's lua filetype serves it	-
ob-lua	org-babel-lua-multiple-values-separator	opt	done	-	PROBED: return 1,2,"x" with " | " gives ": 1 | 2 | x" like Emacs	S
ob-maxima	org-babel-maxima-command	opt	done	-	cmd with -r batchload wrapper, output filters, graphics pkg; spec with fake maxima	S
ob-ocaml	org-babel-ocaml-command	opt	done	-	cmd runs a fresh toplevel with eoe marker, typed answer parsing; tuareg session N/A; spec with fake ocaml	S
ob-plantuml	org-babel-plantuml-svg-text-to-path	opt	done	-	inkscape -T -l step for svg when set, like Emacs; spec	M
ob-plantuml	org-plantuml-args	opt	done	-	args appended in both modes like Emacs; spec	M
ob-plantuml	org-plantuml-exec-mode	opt	done	-	jar/plantuml switch; Emacs errors for unset/missing jar; spec	M
ob-plantuml	org-plantuml-executable-path	opt	done	-	used in plantuml mode; spec with fake exe	M
ob-plantuml	org-plantuml-jar-path	opt	done	-	jar_path expanded/checked, java :java -jar; spec	M
ob-python	org-babel-python-None-to	opt	done	-	PROBED: [1, None, 3] with None_to X -> | 1 | X | 3 | as Emacs (real python3)	S
ob-python	org-babel-python-command	opt	done	babel.languages.python.cmd and :python header (babel/init.lua:832)	-	-
ob-python	org-babel-python-command-nonsession	opt	done	babel.languages.python.cmd	same command for non-session runs	-
ob-python	org-babel-python-command-session	opt	done	-	session_cmd used as-is (no -i -q) for sessions, :python overrides; spec	S
ob-python	org-babel-python-hline-to	opt	done	-	PROBED: table var hline -> 'H' giving | (a b) | H | (1 2) | as Emacs	S
ob-ruby	org-babel-ruby-hline-to	opt	done	-	PROBED: hline -> "H" in ruby var, same result as Emacs (real ruby)	S
ob-ruby	org-babel-ruby-nil-to	opt	done	-	PROBED: [1, nil, 3] with nil_to X -> | 1 | X | 3 | as Emacs	S
ob-scheme	org-babel-scheme-null-to	opt	done	-	null/() in list results -> null_to like org-babel-scheme--table-or-string; spec with real guile (Geiser N/A)	M
ob-shell	org-babel-shell-names	opt	done	-	family() treats listed names as shell, run as themselves; spec with custom list	S
ob-shell	org-babel-shell-results-defaults-to-output	opt	done	-	PROBED: nil: bare block -> 0, :results table -> | hi |, raw -> hi, all equal Emacs	S
ob-tangle	org-babel-post-tangle-hook	opt	done	User autocmd OrgBabelTanglePost (babel/tangle.lua:510)	-	-
ob-tangle	org-babel-pre-tangle-hook	opt	done	User autocmd OrgBabelTanglePre; babel.tangle_save_buffer	-	-
ob-tangle	org-babel-process-comment-text	opt	done	-	read in tangle.lua org_comment; nil removes indentation like org-remove-indentation; spec checks custom fn	S
ob-tangle	org-babel-tangle-body-hook	opt	done	User autocmd OrgBabelTangleBody	-	-
ob-tangle	org-babel-tangle-comment-format-beg	opt	done	babel.tangle_comment_format_beg	-	-
ob-tangle	org-babel-tangle-comment-format-end	opt	done	babel.tangle_comment_format_end	-	-
ob-tangle	org-babel-tangle-default-file-mode	opt	done	babel.tangle_default_file_mode	-	-
ob-tangle	org-babel-tangle-finished-hook	opt	done	User autocmd OrgBabelTangleFinished (babel/tangle.lua:512)	-	-
ob-tangle	org-babel-tangle-lang-exts	opt	done	babel.tangle_lang_exts	-	-
ob-tangle	org-babel-tangle-remove-file-before-write	opt	done	-	auto/true/false logic mirrors ob-tangle.el (auto = not writable); spec checks symlink behaviour	S
ob-tangle	org-babel-tangle-uncomment-comments	opt	done	babel.tangle_uncomment_comments	-	-
ob-tangle	org-babel-tangle-use-relative-file-links	opt	done	babel.tangle_use_relative_file_links	-	-
ol	org-display-remote-inline-images	opt	done	ui.images.remote	-	-
ol	org-image-align	opt	done	ui.images.align	-	-
ol	org-image-max-width	opt	done	ui.images.max_width	-	-
ol	org-link-abbrev-alist	opt	done	links.abbreviations	-	-
ol	org-link-context-for-files	opt	done	links.context_for_files	-	-
ol	org-link-descriptive	opt	done	ui.conceal_links	-	-
ol	org-link-elisp-confirm-function	opt	done	links.confirm_elisp	-	-
ol	org-link-elisp-skip-confirm-regexp	opt	done	links.elisp_skip_confirm_regexp	-	-
ol	org-link-email-description-format	opt	emacs-only	-	description of links stored from Emacs mail readers (Gnus, mu4e...)	-
ol	org-link-file-path-type	opt	done	links.file_path_type	-	-
ol	org-link-frame-setup	opt	done	links.frame_setup	file entry; vm/gnus/wl entries are Emacs apps	-
ol	org-link-from-user-regexp	opt	emacs-only	-	matches own From: header in Emacs mail links	-
ol	org-link-keep-stored-after-insertion	opt	done	links.keep_stored_after_insertion	-	-
ol	org-link-make-description-function	opt	done	links.make_description	-	-
ol	org-link-parameters	opt	done	links.types	follow/complete/store/export/face/preview	-
ol	org-link-preview-batch-size	opt	done	ui.images.batch_size	-	-
ol	org-link-preview-delay	opt	done	ui.images.preview_delay	-	-
ol	org-link-search-must-match-exact-headline	opt	done	links.search_must_match_exact_headline	-	-
ol	org-link-shell-confirm-function	opt	done	links.confirm_shell	-	-
ol	org-link-shell-skip-confirm-regexp	opt	done	links.shell_skip_confirm_regexp	-	-
ol	org-link-translation-function	opt	done	links.translation_function	-	-
ol	org-link-use-indirect-buffer-for-internals	opt	vim	doc/org.txt:5119	internal links open in another window on the same buffer; Vim folds are per window	-
ol-bbdb	org-bbdb-anniversary-field	opt	emacs-only	-	BBDB contact database	-
ol-bbdb	org-bbdb-anniversary-format-alist	opt	emacs-only	-	BBDB	-
ol-bbdb	org-bbdb-default-anniversary-format	opt	emacs-only	-	BBDB	-
ol-bbdb	org-bbdb-extract-date-fun	opt	emacs-only	-	BBDB	-
ol-bbdb	org-bbdb-general-anniversary-description-after	opt	emacs-only	-	BBDB	-
ol-bibtex	org-bibtex-autogen-keys	opt	done	-	PROBED: bibtex-generate-autokey port gives knuth68:_art_comput_progr like Emacs	M
ol-bibtex	org-bibtex-export-arbitrary-fields	opt	done	-	PROBED: prefixed props only, type prop skipped, order note,foo identical to Emacs	M
ol-bibtex	org-bibtex-headline-format-function	opt	done	-	PROBED: custom author - title headline identical to Emacs	M
ol-bibtex	org-bibtex-inherit-tags	opt	done	-	PROBED: inherited ptag exported first in keywords like Emacs	M
ol-bibtex	org-bibtex-key-property	opt	done	-	PROBED: ID used as key property on write identical to Emacs; export spec covers	M
ol-bibtex	org-bibtex-no-export-tags	opt	done	-	PROBED: skip tag excluded from keywords like Emacs	M
ol-bibtex	org-bibtex-prefix	opt	done	-	PROBED: BIB_ prefixed fields read for export identical to Emacs	M
ol-bibtex	org-bibtex-tags	opt	done	-	PROBED: excluded from exported keywords and added on write, like Emacs	M
ol-bibtex	org-bibtex-tags-are-keywords	opt	done	-	PROBED: keywords<->tags both directions identical to Emacs	M
ol-bibtex	org-bibtex-treat-headline-as-title	opt	done	-	read in check (fleshout skips title); create forces true/update false like Emacs; spec covers false asking title	M
ol-bibtex	org-bibtex-type-property-name	opt	done	-	read in headline_entry/check/search; spec covers custom name	M
ol-doi	org-link-doi-server-url	opt	done	links.doi_server_url	-	-
ol-gnus	org-gnus-no-server	opt	emacs-only	-	Gnus	-
ol-gnus	org-gnus-prefer-web-links	opt	emacs-only	-	Gnus	-
ol-info	org-info-other-documents	opt	done	-	PROBED: foo mapped, emacs default and unknown manual (dash.html) identical to Emacs HTML export	S
ol-man	org-man-command	opt	vim	links.lua:1478 (:Man)	man: links use Neovim's :Man instead of man/woman	-
ol-mhe	org-mhe-search-all-folders	opt	emacs-only	-	MH-E mail reader	-
org-src	org-coderef-label-format	opt	done	-	PROBED: <<%s>> label jump to line 3 and HTML coderef span/link identical to Emacs	S
org-src	org-edit-fixed-width-region-mode	opt	done	-	read in special.lua; filetype set for ': ' edits; nil default instead of artist-mode (documented)	S
org-src	org-edit-src-auto-save-idle-delay	opt	done	-	timer writes back after pause; spec checks source updated and buffer unmodified	S
org-src	org-edit-src-persistent-message	opt	done	-	winbar message with exit/abort keys, false disables; spec covers	S
org-src	org-edit-src-turn-on-auto-save	opt	done	-	CursorHold writes org-src-XXXXXX-%Y-%d-%m.txt next to org file; spec checks name/content	S
org-src	org-src-ask-before-returning-to-edit-buffer	opt	done	-	same prompt text; yes returns, no discards, false skips; spec covers all	S
org-src	org-src-block-faces	opt	done	-	per-language highlight on body lines via decorations; spec checks group and bg	S
org-src	org-src-content-indentation	opt	done	edit_src_content_indentation	-	-
org-src	org-src-lang-modes	opt	done	-	read in langs.lua filetype and syntax.lua; spec covers built-in C and user mapping	S
org-src	org-src-mode-hook	opt	vim	special.lua:61 buffers org-special://*, b:org_special	use FileType/BufWinEnter autocmds on edit buffers	-
org-src	org-src-preserve-indentation	opt	done	src_preserve_indentation	-	-
org-src	org-src-tab-acts-natively	opt	done	-	read in element.lua/indent.lua; indentexpr-based (documented); spec covers on/off/-i/no indent fn	M
org-src	org-src-window-setup	opt	done	win_split_mode (float/split/vsplit/tab/current)	shared with other special buffers	-
oc	org-cite-insert	cmd	done	-	PROBED: 7 new cases (no blank, bol, last key w/ suffix, count on style of multi-ref, closing bracket, json key) match Emacs text+cursor+prompts	M
ox	org-export-dispatch	cmd	done	lua/org/export/init.lua:554 (action export, :Org export)	menu dispatcher; toggles body/subtree/visible/async	-
ox	org-export-insert-default-template	cmd	done	lua/org/export/init.lua:436 insert_template	dispatcher '#', per-backend options, subtree EXPORT_* props	-
ox	org-export-stack	cmd	done	-	stack_show builds *Org Export Stack* (#/Backend/Age/Source like tabulated-list); :Org export_stack works; dispatcher &; spec'd	S
ox	org-export-stack-clear	cmd	done	-	stack_clear + action export_stack_clear + C key; spec'd	S
ox	org-export-stack-mode	cmd	done	-	stack buffer with <CR> v d C g <Space> q keymaps, filetype orgexportstack; spec exercises buffer + remove	S
ox	org-export-stack-refresh	cmd	done	-	stack_refresh redraws via stack_lines which drops dead buffers/missing files like org-export--stack-generate; spec'd	S
ox	org-export-stack-remove	cmd	done	-	stack_remove removes entry at cursor, keeps file/buffer; spec'd	S
ox	org-export-stack-view	cmd	done	export_stack view	fixed after verification: spec + org-open-file semantics (be51c46)	S
ox-ascii	org-ascii-convert-region-to-ascii	cmd	done	-	convert_region ascii; spec expectation from Emacs; Visual action registered	S
ox-ascii	org-ascii-convert-region-to-utf8	cmd	done	-	convert_region_to_utf8 action; spec compares with Emacs output	S
ox-ascii	org-ascii-export-as-ascii	cmd	done	lua/org/export/init.lua:650 dispatcher t A / :Org export ascii buffer	-	-
ox-ascii	org-ascii-export-to-ascii	cmd	done	lua/org/export/init.lua:651 dispatcher t a / :Org export ascii	-	-
ox-ascii	org-export-region-to-ascii	cmd	done	-	:[range]Org export_region_to_ascii in commands.lua -> convert_region_command; ranged :Org call checked	S
ox-ascii	org-export-region-to-utf8	cmd	done	-	export_region_to_utf8 alias spec'd	S
ox-beamer	org-beamer-export-as-latex	cmd	done	lua/org/export/init.lua:595 dispatcher l B	-	-
ox-beamer	org-beamer-export-to-latex	cmd	done	lua/org/export/init.lua:596 dispatcher l b	-	-
ox-beamer	org-beamer-export-to-pdf	cmd	done	lua/org/export/init.lua:597 dispatcher l P (beamer-pdf)	-	-
ox-beamer	org-beamer-mode	cmd	done	-	beamer_mode.mode/toggle, buffer map <C-c><C-b>, OrgBeamerTag highlight; spec'd	S
ox-beamer	org-beamer-select-environment	cmd	done	-	PROBED: env switch keeping BMCOL, | add/remove BEAMER_col, A on tagged entry, Esc: buffers identical to Emacs 9.8.10	S
ox-html	org-export-region-to-html	cmd	done	-	checked :2,2Org export_region_to_html gives the convert-region HTML; command registered in commands.lua	S
ox-html	org-html-convert-region-to-html	cmd	done	-	linewise + charwise specs with Emacs expectations; Visual action	S
ox-html	org-html-export-as-html	cmd	done	lua/org/export/init.lua:582 dispatcher h H	-	-
ox-html	org-html-export-to-html	cmd	done	lua/org/export/init.lua:583 dispatcher h h / h o	-	-
ox-html	org-html-htmlize-generate-css	cmd	done	-	*html* buffer from highlight groups; spec passes in full suite but is order-dependent (E37 when prior test leaves modified bufhidden=wipe buffer)	S
ox-icalendar	org-icalendar-combine-agenda-files	cmd	done	lua/org/export/icalendar.lua combine_agenda_files (dispatcher c c)	-	-
ox-icalendar	org-icalendar-export-agenda-files	cmd	done	lua/org/export/icalendar.lua export_agenda_files (dispatcher c a)	-	-
ox-icalendar	org-icalendar-export-to-ics	cmd	done	lua/org/export/icalendar.lua export_file (dispatcher c f, :Org export ics)	-	-
ox-koma-letter	org-koma-letter-export-as-latex	cmd	done	-	koma.lua backend + to_buffer 'Org KOMA-LETTER Export' (tex ft); dispatcher k L spec'd; template matches Emacs in probes	L
ox-koma-letter	org-koma-letter-export-to-latex	cmd	done	-	PROBED: 5 fresh Emacs 9.8.10 letters (K1-K5) byte-identical to ox.export_as koma-letter; file export + k l spec'd	L
ox-koma-letter	org-koma-letter-export-to-pdf	cmd	done	-	koma-pdf = latex.compile (org-latex-compile) on the .tex; spec with fake pdf_process; k p / k o dispatcher spec'd	L
ox-latex	org-export-region-to-latex	cmd	done	-	:[range]Org export_region_to_latex alias registered; shared convert_region_command path spec'd	S
ox-latex	org-latex-convert-region-to-latex	cmd	done	-	linewise + charwise specs match Emacs output	S
ox-latex	org-latex-export-as-latex	cmd	done	lua/org/export/init.lua:591 dispatcher l L	-	-
ox-latex	org-latex-export-to-latex	cmd	done	lua/org/export/init.lua:592 dispatcher l l	-	-
ox-latex	org-latex-export-to-pdf	cmd	done	lua/org/export/init.lua:593 dispatcher l p/o; compile_pdf async	-	-
ox-man	org-man-export-to-man	cmd	done	-	PROBED: fresh doc (lists, checkboxes, H:, links, targets, sub/sup, footnotes, src) identical to Emacs modulo random ref id	M
ox-man	org-man-export-to-pdf	cmd	done	-	man.compile runs pdf_process like org-man-compile; Emacs 9.8 actually calls org-latex-compile (broken) - documented; spec'd w/ fake cmds	S
ox-md	org-export-region-to-md	cmd	done	-	:[range]Org export_region_to_md alias registered; shared path spec'd	S
ox-md	org-md-convert-region-to-md	cmd	done	-	PROBED: Emacs org-md-convert-region-to-md output (with TOC heading) identical to spec expectation/nvim	S
ox-md	org-md-export-as-markdown	cmd	done	lua/org/export/init.lua:614 dispatcher m M	-	-
ox-md	org-md-export-to-markdown	cmd	done	lua/org/export/init.lua:615 dispatcher m m / m o	-	-
ox-odt	org-odt-convert	cmd	done	-	odt.convert_command prompts file + reachable formats, count opens; action odt_convert; spec'd with fake converter	S
ox-odt	org-odt-export-as-odf	cmd	done	-	export_as_odf writes mimetype/content.xml/manifest; selection -> first fragment; spec'd	S
ox-odt	org-odt-export-as-odf-and-open	cmd	done	-	thin wrapper export_as_odf + vim.ui.open; underlying export spec'd; action registered	S
ox-odt	org-odt-export-to-odt	cmd	done	lua/org/export/init.lua:634 dispatcher o o / o O	-	-
ox-org	org-org-export-as-org	cmd	done	lua/org/export/init.lua:625 dispatcher O O	-	-
ox-org	org-org-export-to-org	cmd	done	lua/org/export/init.lua:626 dispatcher O o / O v	-	-
ox-publish	org-publish	cmd	done	lua/org/export/publish.lua:1117 (dispatcher P x, :Org publish NAME)	-	-
ox-publish	org-publish-all	cmd	done	lua/org/export/publish.lua:1131 (dispatcher P a, :Org publish all)	-	-
ox-publish	org-publish-current-file	cmd	done	lua/org/export/publish.lua:1144 (dispatcher P f, :Org publish file)	-	-
ox-publish	org-publish-current-project	cmd	done	lua/org/export/publish.lua:1155 (dispatcher P p, :Org publish)	-	-
ox-publish	org-publish-project	cmd	done	lua/org/export/publish.lua:1117 publish_project	-	-
ox-texinfo	org-export-region-to-texinfo	cmd	done	-	:[range]Org export_region_to_texinfo alias registered; shared path spec'd	S
ox-texinfo	org-texinfo-convert-region-to-texinfo	cmd	done	-	PROBED: no-headline body empty and headline body (@node/@chapter) identical to Emacs	S
ox-texinfo	org-texinfo-export-to-info	cmd	done	lua/org/export/init.lua:606 dispatcher i i / i o; compile_info	-	-
ox-texinfo	org-texinfo-export-to-texinfo	cmd	done	lua/org/export/init.lua:605 dispatcher i t	-	-
oc	org-cite-activate-processor	opt	done	-	basic.activate via decoration provider attached in buffer.lua; false -> default marks; cite_spec checks both	M
oc	org-cite-adjust-note-numbers	opt	done	lua/org/config/misc.lua:117 export.cite.adjust_note_numbers	-	-
oc	org-cite-export-processors	opt	done	lua/org/config/misc.lua:115 export.cite.export_processors	also #+CITE_EXPORT	-
oc	org-cite-follow-processor	opt	done	-	processor_for('follow') in M.follow from context.open_at_point; basic.goto_key bib/json positions spec'd from Emacs	M
oc	org-cite-global-bibliography	opt	done	lua/org/config/misc.lua:116 export.cite.global_bibliography	-	-
oc	org-cite-insert-processor	opt	done	-	processor_for errors match oc.el messages; register_processor for custom; spec'd	M
oc	org-cite-note-rules	opt	done	lua/org/config/misc.lua:118 export.cite.note_rules	-	-
oc	org-cite-punctuation-marks	opt	done	lua/org/config/misc.lua:119 export.cite.punctuation_marks	-	-
oc-basic	org-cite-basic-author-column-end	opt	done	-	PROBED: completion display strings (default 25) identical to Emacs; custom width spec'd	S
oc-basic	org-cite-basic-author-year-separator	opt	done	lua/org/config/misc.lua:121 export.cite.basic_author_year_separator	-	-
oc-basic	org-cite-basic-column-separator	opt	done	-	read in completion_table; custom value spec'd	S
oc-basic	org-cite-basic-complete-key-crm-separator	opt	done	export.cite.basic_complete_key_crm_separator	fixed after verification: dynamic from display strings (6666a37)	S
oc-basic	org-cite-basic-max-key-distance	opt	done	-	close_keys uses it; mouse_click substitutes/prompts 'Did you mean: ' like set-keymap; spec'd with 0 and 2	S
oc-basic	org-cite-basic-mouse-over-key-face	opt	done	lua/org/cite_mouse.lua; config export.cite.basic_mouse_over_key_face ("highlight" = OrgCiteMouseOver); imenu_calendar_keys_spec	<MouseMove> mapping + 'mousemoveevent' highlight the key (with "@", like org-cite-key-boundaries); help-echo tooltip still has no counterpart	S
oc-basic	org-cite-basic-sorting-field	opt	done	lua/org/config/misc.lua:120 export.cite.basic_sorting_field	-	-
oc-biblatex	org-cite-biblatex-options	opt	done	lua/org/config/misc.lua:123 export.cite.biblatex_options	-	-
oc-biblatex	org-cite-biblatex-style-shortcuts	opt	done	lua/org/config/misc.lua:125 export.cite.biblatex_style_shortcuts	-	-
oc-biblatex	org-cite-biblatex-styles	opt	done	lua/org/config/misc.lua:124 export.cite.biblatex_styles	-	-
oc-bibtex	org-cite-bibtex-bibliography-style	opt	done	lua/org/export/cite.lua:1455 export.cite.bibtex_bibliography_style	not in config defaults/doc but read	-
oc-csl	org-cite-csl-bibtex-titles-to-sentence-case	opt	done	-	PROBED: false keeps title case, output identical to Emacs+citeproc-el; passed to itemgetter	L
oc-csl	org-cite-csl-html-hanging-indent	opt	done	-	html_head reads it; custom 2em spec'd; format identical to oc-csl	L
oc-csl	org-cite-csl-html-label-width-per-char	opt	done	-	PROBED: "1.5em" gives same '.csl-right-inline{margin: 0 0 0 4em;}' as Emacs	L
oc-csl	org-cite-csl-latex-hanging-indent	opt	done	-	latex_preamble substitution; custom value spec'd	L
oc-csl	org-cite-csl-latex-label-separator	opt	done	-	latex_preamble substitution; custom value spec'd	L
oc-csl	org-cite-csl-latex-label-width-per-char	opt	done	-	latex_preamble substitution; custom value spec'd	L
oc-csl	org-cite-csl-latex-preamble	opt	done	-	read in latex_preamble (first-occurrence placeholder replace like Emacs), inserted before \begin{document}; only default spec'd	L
oc-csl	org-cite-csl-link-cites	opt	done	-	no_citelinks_p reads it; false spec'd (no links in html)	L
oc-csl	org-cite-csl-locales-dir	opt	done	-	locale_getter tries dir then bundled en-US; spec with modified locale ('und')	L
oc-csl	org-cite-csl-no-citelinks-backends	opt	done	-	PROBED: {'html'} drops html links but keeps latex ones, html/latex/md identical to Emacs; spec only default ascii	L
oc-csl	org-cite-csl-styles-dir	opt	done	-	style_file lookup order matches org-cite-csl--style-file; spec'd incl. not-found error	L
oc-natbib	org-cite-natbib-bibliography-style	opt	done	lua/org/export/cite.lua:1413 export.cite.natbib_bibliography_style	not in config defaults/doc but read	-
oc-natbib	org-cite-natbib-options	opt	done	lua/org/config/misc.lua:122 export.cite.natbib_options	-	-
ox	org-export-allow-bind-keywords	opt	done	lua/org/config/clock.lua:60 export.allow_bind_keywords	-	-
ox	org-export-async-init-file	opt	done	export.async_init_file (export/init.lua:792)	Lua init file for the separate Neovim of async exports; spec export_dispatch_emacs_spec	-
ox	org-export-body-only	opt	done	-	prompt() state.body_only from export.body_only passed to export(); menu label spec'd; initial-state only, like Emacs	S
ox	org-export-coding-system	opt	done	-	write_text iconv to export.coding_system; spec checks latin1 bytes	S
ox	org-export-copy-to-kill-ring	opt	done	-	maybe_copy honours true/if-interactive/false to " and + registers; spec'd	S
ox	org-export-creator-string	opt	done	lua/org/config/clock.lua:55 export.creator	-	-
ox	org-export-date-timestamp-format	opt	done	lua/org/config/clock.lua:51 export.date_timestamp_format	-	-
ox	org-export-default-language	opt	done	lua/org/config/clock.lua:50 export.default_language	-	-
ox	org-export-dispatch-use-expert-ui	opt	done	-	expert_menu prompt 'Export command (C-bvsfa) [keys]: ' like Emacs; C-b etc toggles, ? to menu; spec'd	S
ox	org-export-exclude-tags	opt	done	lua/org/config/clock.lua:49 export.exclude_tags	-	-
ox	org-export-expand-links	opt	done	lua/org/config/clock.lua:47 export.expand_links	-	-
ox	org-export-force-publishing	opt	done	-	state.force from option passed to publish_*; spec checks toggle reaches publish_current_file	S
ox	org-export-global-macros	opt	done	lua/org/config/clock.lua:57 export.global_macros	-	-
ox	org-export-headline-levels	opt	done	lua/org/config/export.lua:23 export.headline_levels	-	-
ox	org-export-in-background	opt	done	-	state.async -> export_async (headless child nvim, result on stack); spec runs real async export	S
ox	org-export-initial-scope	opt	done	-	state.subtree from initial_scope, subtree_line passed to export; spec'd (label)	S
ox	org-export-preserve-breaks	opt	done	lua/org/config/clock.lua:45 export.preserve_breaks	-	-
ox	org-export-process-citations	opt	done	-	PROBED: html/ascii with citations+print_bibliography, process_citations=false: identical to Emacs	S
ox	org-export-replace-macros	opt	done	-	PROBED: html/md/latex (macro in TITLE) with replace_macros nil identical to Emacs; babel abort message spec'd	S
ox	org-export-select-tags	opt	done	lua/org/config/clock.lua:48 export.select_tags	-	-
ox	org-export-show-temporary-export-buffer	opt	done	-	open_scratch skips the split when false; spec checks window count	S
ox	org-export-smart-quotes-alist	opt	done	-	per-language override of Emacs table (Emacs replaces whole alist) documented in org-differences; default fr quotes PROBED identical	S
ox	org-export-snippet-translation-alist	opt	done	lua/org/config/clock.lua:61 export.snippet_translation	-	-
ox	org-export-time-stamp-file	opt	na	-	obsolete defvaralias of org-export-timestamp-file (done)	-
ox	org-export-timestamp-file	opt	done	lua/org/config/clock.lua:46 export.timestamp_file	-	-
ox	org-export-visible-only	opt	done	-	state.visible_only from option passed to export; spec'd (label); visible_only export itself spec'd elsewhere	S
ox	org-export-with-archived-trees	opt	done	lua/org/config/clock.lua:30 export.with_archived_trees	also #+OPTIONS	-
ox	org-export-with-author	opt	done	lua/org/config/clock.lua:12 export.with_author	also #+OPTIONS	-
ox	org-export-with-broken-links	opt	done	lua/org/config/clock.lua:44 export.with_broken_links	also #+OPTIONS	-
ox	org-export-with-clocks	opt	done	lua/org/config/clock.lua:25 export.with_clocks	also #+OPTIONS	-
ox	org-export-with-creator	opt	done	lua/org/config/clock.lua:15 export.with_creator	also #+OPTIONS	-
ox	org-export-with-date	opt	done	lua/org/config/clock.lua:13 export.with_date	also #+OPTIONS	-
ox	org-export-with-drawers	opt	done	lua/org/config/clock.lua:22 export.with_drawers	also #+OPTIONS	-
ox	org-export-with-email	opt	done	lua/org/config/clock.lua:14 export.with_email	also #+OPTIONS	-
ox	org-export-with-emphasize	opt	done	lua/org/config/clock.lua:31 export.with_emphasize	also #+OPTIONS	-
ox	org-export-with-entities	opt	done	lua/org/config/clock.lua:32 export.with_entities	also #+OPTIONS	-
ox	org-export-with-fixed-width	opt	done	lua/org/config/clock.lua:33 export.with_fixed_width	also #+OPTIONS	-
ox	org-export-with-footnotes	opt	done	lua/org/config/clock.lua:34 export.with_footnotes	also #+OPTIONS	-
ox	org-export-with-inlinetasks	opt	done	lua/org/config/clock.lua:35 export.with_inlinetasks	also #+OPTIONS	-
ox	org-export-with-latex	opt	done	lua/org/config/clock.lua:36 export.with_latex	also #+OPTIONS	-
ox	org-export-with-planning	opt	done	lua/org/config/clock.lua:24 export.with_planning	also #+OPTIONS	-
ox	org-export-with-priority	opt	done	lua/org/config/clock.lua:19 export.with_priority	also #+OPTIONS	-
ox	org-export-with-properties	opt	done	lua/org/config/clock.lua:23 export.with_properties	also #+OPTIONS	-
ox	org-export-with-section-numbers	opt	done	lua/org/config/capture.lua:69 export.with_section_numbers	also #+OPTIONS	-
ox	org-export-with-smart-quotes	opt	done	lua/org/config/clock.lua:37 export.with_smart_quotes	also #+OPTIONS	-
ox	org-export-with-special-strings	opt	done	lua/org/config/clock.lua:38 export.with_special_strings	also #+OPTIONS	-
ox	org-export-with-statistics-cookies	opt	done	lua/org/config/clock.lua:39 export.with_statistics_cookies	also #+OPTIONS	-
ox	org-export-with-sub-superscripts	opt	done	lua/org/config/clock.lua:40 export.with_sub_superscripts	also #+OPTIONS	-
ox	org-export-with-tables	opt	done	lua/org/config/clock.lua:41 export.with_tables	also #+OPTIONS	-
ox	org-export-with-tags	opt	done	lua/org/config/clock.lua:18 export.with_tags	also #+OPTIONS	-
ox	org-export-with-tasks	opt	done	lua/org/config/clock.lua:29 export.with_tasks	also #+OPTIONS	-
ox	org-export-with-timestamps	opt	done	lua/org/config/clock.lua:28 export.with_timestamps	also #+OPTIONS	-
ox	org-export-with-title	opt	done	lua/org/config/clock.lua:16 export.with_title	also #+OPTIONS	-
ox	org-export-with-toc	opt	done	lua/org/config/capture.lua:68 export.with_toc	also #+OPTIONS	-
ox	org-export-with-todo-keywords	opt	done	lua/org/config/clock.lua:17 export.with_todo_keywords	also #+OPTIONS	-
ox-ascii	org-ascii-bullets	opt	done	lua/org/config/links.lua:21 export.ascii.bullets	-	-
ox-ascii	org-ascii-caption-above	opt	done	lua/org/config/links.lua:19 export.ascii.caption_above	-	-
ox-ascii	org-ascii-charset	opt	done	lua/org/config/misc.lua:128 export.ascii.charset	-	-
ox-ascii	org-ascii-format-drawer-function	opt	done	lua/org/config/links.lua:23 export.ascii.format_drawer_function	-	-
ox-ascii	org-ascii-format-inlinetask-function	opt	done	lua/org/config/links.lua:26 export.ascii.format_inlinetask_function	-	-
ox-ascii	org-ascii-global-margin	opt	done	lua/org/config/misc.lua:130 export.ascii.global_margin	-	-
ox-ascii	org-ascii-headline-spacing	opt	done	lua/org/config/links.lua:12 export.ascii.headline_spacing	-	-
ox-ascii	org-ascii-indented-line-width	opt	done	lua/org/config/links.lua:13 export.ascii.indented_line_width	-	-
ox-ascii	org-ascii-inlinetask-width	opt	done	lua/org/config/export.lua:455 export.ascii.inlinetask_width	-	-
ox-ascii	org-ascii-inner-margin	opt	done	lua/org/config/misc.lua:131 export.ascii.inner_margin	-	-
ox-ascii	org-ascii-links-to-notes	opt	done	lua/org/config/links.lua:15 export.ascii.links_to_notes	-	-
ox-ascii	org-ascii-list-margin	opt	done	lua/org/config/misc.lua:133 export.ascii.list_margin	-	-
ox-ascii	org-ascii-paragraph-spacing	opt	done	lua/org/config/links.lua:14 export.ascii.paragraph_spacing	-	-
ox-ascii	org-ascii-quote-margin	opt	done	lua/org/config/misc.lua:132 export.ascii.quote_margin	-	-
ox-ascii	org-ascii-table-keep-all-vertical-lines	opt	done	lua/org/config/links.lua:16 export.ascii.table_keep_all_vertical_lines	-	-
ox-ascii	org-ascii-table-use-ascii-art	opt	done	-	aa2u port used for utf-8 only; Emacs 9.8.10 check really is inverted (org-require-package is an unless), difference documented	S
ox-ascii	org-ascii-table-widen-columns	opt	done	lua/org/config/links.lua:17 export.ascii.table_widen_columns	-	-
ox-ascii	org-ascii-text-width	opt	done	lua/org/config/misc.lua:129 export.ascii.text_width	-	-
ox-ascii	org-ascii-underline	opt	done	lua/org/config/links.lua:22 export.ascii.underline	-	-
ox-ascii	org-ascii-verbatim-format	opt	done	lua/org/config/links.lua:20 export.ascii.verbatim_format	-	-
ox-beamer	org-beamer-column-view-format	opt	done	lua/org/export/beamer.lua:624 export.beamer.column_view_format	#+COLUMNS in the beamer template	-
ox-beamer	org-beamer-environments-extra	opt	done	lua/org/config/misc.lua:71 export.beamer.environments_extra	-	-
ox-beamer	org-beamer-frame-default-options	opt	done	lua/org/config/misc.lua:65 export.beamer.frame_default_options	-	-
ox-beamer	org-beamer-frame-environment	opt	done	lua/org/config/misc.lua:72 export.beamer.frame_environment	-	-
ox-beamer	org-beamer-frame-level	opt	done	lua/org/config/misc.lua:64 export.beamer.frame_level	-	-
ox-beamer	org-beamer-mode-hook	opt	done	-	User OrgBeamerMode autocmd with {bufnr, enabled}; spec'd	S
ox-beamer	org-beamer-outline-frame-options	opt	done	lua/org/config/misc.lua:67 export.beamer.outline_frame_options	-	-
ox-beamer	org-beamer-outline-frame-title	opt	done	lua/org/config/misc.lua:66 export.beamer.outline_frame_title	-	-
ox-beamer	org-beamer-subtitle-format	opt	done	lua/org/config/misc.lua:68 export.beamer.subtitle_format	-	-
ox-beamer	org-beamer-theme	opt	done	lua/org/config/misc.lua:69 export.beamer.theme	-	-
ox-html	org-html-allow-name-attribute-in-anchors	opt	done	lua/org/export/html.lua:1793 export.html.allow_name_attribute_in_anchors	read from config but not listed in defaults/doc	-
ox-html	org-html-checkbox-type	opt	done	lua/org/config/clock.lua:101 export.html.checkbox_type	-	-
ox-html	org-html-coding-system	opt	done	lua/org/export/html.lua:1847 export.html.coding_system	read from config but not listed in defaults/doc	-
ox-html	org-html-container-element	opt	done	lua/org/config/clock.lua:77 export.html.container	-	-
ox-html	org-html-content-class	opt	done	lua/org/config/clock.lua:78 export.html.content_class	-	-
ox-html	org-html-creator-string	opt	done	lua/org/config/clock.lua:92 export.html.creator_string	-	-
ox-html	org-html-datetime-formats	opt	done	-	PROBED: date, time, time range and date range <time datetime> identical to Emacs	S
ox-html	org-html-divs	opt	done	lua/org/export/html.lua:1794 export.html.divs	read from config but not listed in defaults/doc	-
ox-html	org-html-doctype	opt	done	lua/org/config/clock.lua:75 export.html.doctype	-	-
ox-html	org-html-equation-reference-format	opt	done	lua/org/config/clock.lua:106 export.html.equation_reference_format	-	-
ox-html	org-html-extension	opt	done	lua/org/config/clock.lua:79 export.html.extension	-	-
ox-html	org-html-footnote-format	opt	done	lua/org/config/clock.lua:104 export.html.footnote_format	-	-
ox-html	org-html-footnote-separator	opt	done	lua/org/config/clock.lua:105 export.html.footnote_separator	-	-
ox-html	org-html-footnotes-section	opt	done	lua/org/export/html.lua:1799 export.html.footnotes_section	read from config but not listed in defaults/doc	-
ox-html	org-html-format-drawer-function	opt	done	lua/org/export/html.lua:849 export.html.format_drawer_function	read from config but not listed in defaults/doc	-
ox-html	org-html-format-headline-function	opt	done	lua/org/export/html.lua:155 export.html.format_headline_function	read from config but not listed in defaults/doc	-
ox-html	org-html-format-inlinetask-function	opt	done	lua/org/export/html.lua:1072 export.html.format_inlinetask_function	read from config but not listed in defaults/doc	-
ox-html	org-html-head	opt	done	lua/org/config/clock.lua:84 export.html.head	-	-
ox-html	org-html-head-extra	opt	done	lua/org/config/clock.lua:85 export.html.head_extra	-	-
ox-html	org-html-head-include-default-style	opt	done	lua/org/config/clock.lua:80 export.html.head_include_default_style	-	-
ox-html	org-html-head-include-scripts	opt	done	lua/org/config/clock.lua:86 export.html.head_include_scripts	-	-
ox-html	org-html-home/up-format	opt	done	lua/org/export/html.lua:1800 export.html.home_up_format	read from config but not listed in defaults/doc	-
ox-html	org-html-html5-fancy	opt	done	lua/org/config/clock.lua:76 export.html.html5_fancy	-	-
ox-html	org-html-htmlize-font-prefix	opt	done	-	read in html.lua class naming; spec checks my- prefix	S
ox-html	org-html-htmlize-output-type	opt	done	-	css/inline-css/false via tree-sitter captures; spans differ from font-lock (unavoidable); spec'd	M
ox-html	org-html-indent	opt	done	-	PROBED: new XHTML doc (dl, nested ol, example, center, details, table, footnote, src) indented identically to Emacs 9.8.10	S
ox-html	org-html-infojs-options	opt	done	lua/org/export/html.lua:647 #+INFOJS_OPT	defaults only per file via #+INFOJS_OPT; no global option table	-
ox-html	org-html-infojs-template	opt	done	-	PROBED: non-default infojs_opt values (view/toc/ltoc/tdepth/mouse/buttons/home) identical to Emacs	S
ox-html	org-html-inline-image-rules	opt	done	lua/org/export/html.lua:1801 export.html.inline_image_rules	read from config but not listed in defaults/doc	-
ox-html	org-html-inline-images	opt	done	lua/org/config/clock.lua:102 export.html.inline_images	-	-
ox-html	org-html-klipse-css	opt	done	lua/org/export/html.lua:1850 export.html.klipse_css	read from config but not listed in defaults/doc	-
ox-html	org-html-klipse-js	opt	done	lua/org/export/html.lua:1851 export.html.klipse_js	read from config but not listed in defaults/doc	-
ox-html	org-html-klipse-selection-script	opt	done	lua/org/export/html.lua:1852 export.html.klipse_selection_script	read from config but not listed in defaults/doc	-
ox-html	org-html-klipsify-src	opt	done	lua/org/export/html.lua:1849 export.html.klipsify_src	read from config but not listed in defaults/doc	-
ox-html	org-html-link-home	opt	done	lua/org/config/clock.lua:93 export.html.link_home	-	-
ox-html	org-html-link-org-files-as-html	opt	done	lua/org/config/clock.lua:96 export.html.link_org_files_as_html	-	-
ox-html	org-html-link-up	opt	done	lua/org/config/clock.lua:94 export.html.link_up	-	-
ox-html	org-html-link-use-abs-url	opt	done	lua/org/config/clock.lua:95 export.html.link_use_abs_url	-	-
ox-html	org-html-mathjax-options	opt	done	lua/org/config/clock.lua:112 export.html.mathjax_options	-	-
ox-html	org-html-mathjax-template	opt	done	lua/org/export/html.lua:1803 export.html.mathjax_template	read from config but not listed in defaults/doc	-
ox-html	org-html-meta-tags	opt	done	lua/org/export/html.lua:424 export.html.meta_tags	read from config but not listed in defaults/doc	-
ox-html	org-html-metadata-timestamp-format	opt	done	lua/org/config/clock.lua:97 export.html.metadata_timestamp_format	-	-
ox-html	org-html-postamble	opt	done	lua/org/config/clock.lua:88 export.html.postamble	-	-
ox-html	org-html-postamble-format	opt	done	lua/org/config/clock.lua:89 export.html.postamble_format	-	-
ox-html	org-html-preamble	opt	done	lua/org/config/clock.lua:87 export.html.preamble	-	-
ox-html	org-html-preamble-format	opt	done	lua/org/config/clock.lua:90 export.html.preamble_format	-	-
ox-html	org-html-prefer-user-labels	opt	done	lua/org/config/clock.lua:100 export.html.prefer_user_labels	-	-
ox-html	org-html-scripts	opt	done	lua/org/export/html.lua:1853 export.html.scripts	read from config but not listed in defaults/doc	-
ox-html	org-html-self-link-headlines	opt	done	lua/org/config/clock.lua:99 export.html.self_link_headlines	-	-
ox-html	org-html-style-default	opt	done	lua/org/export/html.lua:460 export.html.style / head_include_default_style	default CSS replaceable by disabling it and setting head	-
ox-html	org-html-table-align-individual-fields	opt	done	lua/org/export/html.lua:1809 export.html.table_align_individual_fields	read from config but not listed in defaults/doc	-
ox-html	org-html-table-caption-above	opt	done	lua/org/config/clock.lua:103 export.html.table_caption_above	-	-
ox-html	org-html-table-data-tags	opt	done	lua/org/export/html.lua:1811 export.html.table_data_tags	read from config but not listed in defaults/doc	-
ox-html	org-html-table-default-attributes	opt	done	lua/org/export/html.lua:1834 export.html.table_default_attributes	read from config but not listed in defaults/doc	-
ox-html	org-html-table-header-tags	opt	done	lua/org/export/html.lua:1812 export.html.table_header_tags	read from config but not listed in defaults/doc	-
ox-html	org-html-table-row-close-tag	opt	done	lua/org/export/html.lua:1842 export.html.table_row_close_tag	read from config but not listed in defaults/doc	-
ox-html	org-html-table-row-open-tag	opt	done	lua/org/export/html.lua:1841 export.html.table_row_open_tag	read from config but not listed in defaults/doc	-
ox-html	org-html-table-use-header-tags-for-first-column	opt	done	lua/org/export/html.lua:1813 export.html.table_use_header_tags_for_first_column	read from config but not listed in defaults/doc	-
ox-html	org-html-tag-class-prefix	opt	done	lua/org/export/html.lua:1814 export.html.tag_class_prefix	read from config but not listed in defaults/doc	-
ox-html	org-html-text-markup-alist	opt	done	lua/org/export/html.lua:1815 export.html.text_markup_alist	read from config but not listed in defaults/doc	-
ox-html	org-html-todo-kwd-class-prefix	opt	done	lua/org/export/html.lua:1823 export.html.todo_kwd_class_prefix	read from config but not listed in defaults/doc	-
ox-html	org-html-toplevel-hlevel	opt	done	lua/org/config/clock.lua:98 export.html.toplevel_hlevel	-	-
ox-html	org-html-use-infojs	opt	done	lua/org/config/clock.lua:107 export.html.use_infojs	-	-
ox-html	org-html-validation-link	opt	done	lua/org/config/clock.lua:91 export.html.validation_link	-	-
ox-html	org-html-viewport	opt	done	lua/org/export/html.lua:1826 export.html.viewport	read from config but not listed in defaults/doc	-
ox-html	org-html-with-latex	opt	done	-	PROBED tex:html/verbatim/nil identical; image mode spec'd with fake process (hash differs, documented)	M
ox-html	org-html-wrap-src-lines	opt	done	lua/org/config/clock.lua:108 export.html.wrap_src_lines	-	-
ox-html	org-html-xml-declaration	opt	done	lua/org/export/html.lua:1843 export.html.xml_declaration	read from config but not listed in defaults/doc	-
ox-icalendar	org-icalendar-alarm-time	opt	done	lua/org/config/misc.lua:78 export.icalendar.alarm_time	-	-
ox-icalendar	org-icalendar-categories	opt	done	lua/org/config/misc.lua:85 export.icalendar.categories	-	-
ox-icalendar	org-icalendar-combined-agenda-file	opt	done	lua/org/config/misc.lua:75 export.icalendar.combined_agenda_file	-	-
ox-icalendar	org-icalendar-combined-description	opt	done	lua/org/config/misc.lua:77 export.icalendar.combined_description	-	-
ox-icalendar	org-icalendar-combined-name	opt	done	lua/org/config/misc.lua:76 export.icalendar.combined_name	-	-
ox-icalendar	org-icalendar-date-time-format	opt	done	lua/org/config/misc.lua:94 export.icalendar.date_time_format	-	-
ox-icalendar	org-icalendar-deadline-summary-prefix	opt	done	lua/org/config/misc.lua:82 export.icalendar.deadline_summary_prefix	-	-
ox-icalendar	org-icalendar-exclude-tags	opt	done	lua/org/config/misc.lua:80 export.icalendar.exclude_tags	-	-
ox-icalendar	org-icalendar-force-alarm	opt	done	lua/org/config/misc.lua:79 export.icalendar.force_alarm	-	-
ox-icalendar	org-icalendar-include-bbdb-anniversaries	opt	emacs-only	-	BBDB is an Emacs contacts database	-
ox-icalendar	org-icalendar-include-body	opt	done	lua/org/config/misc.lua:91 export.icalendar.include_body	-	-
ox-icalendar	org-icalendar-include-sexps	opt	done	-	PROBED: anniversary/float/cyclic timed/<%%> ts/date: same RRULE/DTSTART/DURATION; Emacs adds TZID, org-anniversary skipped w/ warning	M
ox-icalendar	org-icalendar-include-todo	opt	done	lua/org/config/misc.lua:88 export.icalendar.include_todo	-	-
ox-icalendar	org-icalendar-scheduled-summary-prefix	opt	done	lua/org/config/misc.lua:81 export.icalendar.scheduled_summary_prefix	-	-
ox-icalendar	org-icalendar-store-UID	opt	done	lua/org/config/misc.lua:92 export.icalendar.store_uid	-	-
ox-icalendar	org-icalendar-timezone	opt	done	lua/org/config/misc.lua:93 export.icalendar.timezone	-	-
ox-icalendar	org-icalendar-todo-unscheduled-start	opt	done	lua/org/config/misc.lua:89 export.icalendar.todo_unscheduled_start	-	-
ox-icalendar	org-icalendar-ttl	opt	done	lua/org/config/misc.lua:95 export.icalendar.ttl	-	-
ox-icalendar	org-icalendar-use-deadline	opt	done	lua/org/config/misc.lua:83 export.icalendar.use_deadline	-	-
ox-icalendar	org-icalendar-use-scheduled	opt	done	lua/org/config/misc.lua:84 export.icalendar.use_scheduled	-	-
ox-icalendar	org-icalendar-with-timestamps	opt	done	lua/org/config/misc.lua:86 export.icalendar.with_timestamps	-	-
ox-koma-letter	org-koma-letter-author	opt	done	-	PROBED K4: author nil in Emacs = author=false here, no fromname/pdfauthor; function/string read in options(); config golden	L
ox-koma-letter	org-koma-letter-class-option-file	opt	done	-	PROBED K3: "A B" -> two \LoadLetterOption lines after global settings, same as Emacs	L
ox-koma-letter	org-koma-letter-closing	opt	done	-	PROBED K4: var closing used when headline_is_opening_maybe nil; K1 closing-tagged headline wins with special-headings	L
ox-koma-letter	org-koma-letter-default-class	opt	done	-	read as LATEX_CLASS default; default-koma-letter class added to classes; headings-noopening golden uses article	L
ox-koma-letter	org-koma-letter-email	opt	done	-	PROBED K3: var email -> \setkomavar{fromemail}{var@x} as Emacs; function form in config golden	L
ox-koma-letter	org-koma-letter-from-address	opt	done	-	PROBED K5: var from-address -> fromaddress in global settings, matches Emacs	L
ox-koma-letter	org-koma-letter-from-logo	opt	done	-	read in options()/build_settings; config golden (fromlogo); code identical in logic to Emacs	L
ox-koma-letter	org-koma-letter-headline-is-opening-maybe	opt	done	-	PROBED K4: nil -> \opening{} and no headline signature, matches Emacs	L
ox-koma-letter	org-koma-letter-location	opt	done	-	PROBED K3: in-buffer LOCATION beats var and location-tagged headline, same as Emacs	L
ox-koma-letter	org-koma-letter-opening	opt	done	-	PROBED K1: special-headings:t with OPENING keyword -> headline title wins, as Emacs; config golden for var	L
ox-koma-letter	org-koma-letter-phone-number	opt	done	-	PROBED K2: #+PHONE_NUMBER in-buffer after LCO with fromphone true, matches Emacs	L
ox-koma-letter	org-koma-letter-place	opt	done	-	PROBED K3/K5: var place printed only with use-place; empty with use_place=false, matches Emacs	L
ox-koma-letter	org-koma-letter-prefer-special-headings	opt	done	-	PROBED K1 (special-headings:t) matches Emacs; config option spec'd (TO_ADDRESS vs to headline)	L
ox-koma-letter	org-koma-letter-prefer-subject	opt	done	-	read as title-subject default; config golden (title becomes subject) + headings golden	L
ox-koma-letter	org-koma-letter-signature	opt	done	-	PROBED K3/K5: in-buffer SIGNATURE beats var; closing headline contents beat var globally, as Emacs	L
ox-koma-letter	org-koma-letter-subject-format	opt	done	-	PROBED K2/K3: subject:untitled -> \KOMAoption{subject}{untitled}; nil drops subject; list form in config golden	L
ox-koma-letter	org-koma-letter-url	opt	done	-	read in options(); K2 url:t shows fromurl true; config golden sets fromurl var	L
ox-koma-letter	org-koma-letter-use-backaddress	opt	done	-	read as backaddress default; config golden \KOMAoption{backaddress}{true}	L
ox-koma-letter	org-koma-letter-use-email	opt	done	-	read as email: default; config golden + OPTIONS email:t spec (multi-property fix)	L
ox-koma-letter	org-koma-letter-use-foldmarks	opt	done	-	PROBED K2/K3: foldmarks:(B h) -> foldmarks=Bh; var nil -> foldmarks=false, matches Emacs	L
ox-koma-letter	org-koma-letter-use-from-logo	opt	done	-	read as from-logo: default; config golden fromlogo true	L
ox-koma-letter	org-koma-letter-use-phone	opt	done	-	PROBED K2: phone:t in buffer -> \KOMAoption{fromphone}{true} after LCO; var in config golden	L
ox-koma-letter	org-koma-letter-use-place	opt	done	-	PROBED K5: use_place=false -> \setkomavar{place}{} as Emacs	L
ox-koma-letter	org-koma-letter-use-url	opt	done	-	read as url: default; config golden fromurl true; K2 url:t matches Emacs	L
ox-latex	org-latex-active-timestamp-format	opt	done	lua/org/export/latex.lua:2040 export.latex.active_timestamp_format	read from config but not listed in defaults/doc	-
ox-latex	org-latex-bib-compiler	opt	done	lua/org/config/misc.lua:17 export.latex.bib_compiler	-	-
ox-latex	org-latex-caption-above	opt	done	lua/org/config/misc.lua:23 export.latex.caption_above	-	-
ox-latex	org-latex-classes	opt	done	lua/org/config/misc.lua:12 export.latex.classes	-	-
ox-latex	org-latex-compiler	opt	done	lua/org/config/misc.lua:15 export.latex.compiler	-	-
ox-latex	org-latex-compiler-file-string	opt	done	-	PROBED: lualatex and default pdflatex first line identical to Emacs; false omits it; beamer too	S
ox-latex	org-latex-custom-lang-environments	opt	done	lua/org/export/latex.lua:1586 export.latex.custom_lang_environments	read from config but not listed in defaults/doc	-
ox-latex	org-latex-default-class	opt	done	lua/org/config/misc.lua:11 export.latex.default_class	-	-
ox-latex	org-latex-default-figure-position	opt	done	lua/org/config/misc.lua:30 export.latex.default_figure_position	-	-
ox-latex	org-latex-default-footnote-command	opt	done	lua/org/export/latex.lua:2047 export.latex.default_footnote_command	read from config but not listed in defaults/doc	-
ox-latex	org-latex-default-quote-environment	opt	done	lua/org/export/latex.lua:2045 export.latex.default_quote_environment	read from config but not listed in defaults/doc	-
ox-latex	org-latex-default-table-environment	opt	done	lua/org/config/misc.lua:31 export.latex.default_table_environment	-	-
ox-latex	org-latex-default-table-mode	opt	done	lua/org/config/misc.lua:32 export.latex.default_table_mode	-	-
ox-latex	org-latex-diary-timestamp-format	opt	done	lua/org/export/latex.lua:2048 export.latex.diary_timestamp_format	read from config but not listed in defaults/doc	-
ox-latex	org-latex-engraved-options	opt	done	lua/org/export/latex.lua generate_engraved_preamble (\fvset), inline \Verb options, mathescape; tests/spec/export_latex_engraved_emacs_spec.lua	export.latex.engraved_options (default = Emacs alist); golden .tex from Emacs 9.8.10 + engrave-faces 0.3.1 byte-identical	-
ox-latex	org-latex-engraved-preamble	opt	done	lua/org/export/latex.lua generate_engraved_preamble ([FVEXTRA-SETUP]/[LISTINGS-SETUP], plaintop/plain); tests/spec/export_latex_engraved_emacs_spec.lua	export.latex.engraved_preamble; whole preamble byte-identical to Emacs	-
ox-latex	org-latex-engraved-theme	opt	done	lua/org/export/engrave.lua get_theme + latex.lua (\engravedtheme wrappers, #+LATEX_ENGRAVED_THEME, :engraved-theme); tests/spec/export_latex_engraved_emacs_spec.lua	default preset byte-identical; t = current colour scheme, name = Neovim colourscheme (Emacs: Emacs theme) — documented difference; face assignment from tree-sitter differs where font-lock does (see :h org-export-unsupported)	-
ox-latex	org-latex-footnote-defined-format	opt	done	lua/org/export/latex.lua:2049 export.latex.footnote_defined_format	read from config but not listed in defaults/doc	-
ox-latex	org-latex-footnote-separator	opt	done	lua/org/export/latex.lua:2050 export.latex.footnote_separator	read from config but not listed in defaults/doc	-
ox-latex	org-latex-format-drawer-function	opt	done	lua/org/export/latex.lua:779 export.latex.format_drawer_function	read from config but not listed in defaults/doc	-
ox-latex	org-latex-format-headline-function	opt	done	lua/org/export/latex.lua:927 export.latex.format_headline_function	read from config but not listed in defaults/doc	-
ox-latex	org-latex-format-inlinetask-function	opt	done	lua/org/export/latex.lua:1076 export.latex.format_inlinetask_function	read from config but not listed in defaults/doc	-
ox-latex	org-latex-hyperref-template	opt	done	lua/org/config/misc.lua:35 export.latex.hyperref_template	-	-
ox-latex	org-latex-image-default-height	opt	done	lua/org/export/latex.lua:2053 export.latex.image_default_height	read from config but not listed in defaults/doc	-
ox-latex	org-latex-image-default-option	opt	done	lua/org/export/latex.lua:2054 export.latex.image_default_option	read from config but not listed in defaults/doc	-
ox-latex	org-latex-image-default-scale	opt	done	lua/org/export/latex.lua:2052 export.latex.image_default_scale	read from config but not listed in defaults/doc	-
ox-latex	org-latex-image-default-width	opt	done	lua/org/config/misc.lua:29 export.latex.image_default_width	-	-
ox-latex	org-latex-images-centered	opt	done	lua/org/config/misc.lua:28 export.latex.images_centered	-	-
ox-latex	org-latex-inactive-timestamp-format	opt	done	lua/org/export/latex.lua:2057 export.latex.inactive_timestamp_format	read from config but not listed in defaults/doc	-
ox-latex	org-latex-inline-image-rules	opt	done	lua/org/export/latex.lua:2058 export.latex.inline_image_rules	read from config but not listed in defaults/doc	-
ox-latex	org-latex-inputenc-alist	opt	done	lua/org/export/latex.lua:549 export.latex.inputenc_alist	read from config but not listed in defaults/doc	-
ox-latex	org-latex-known-warnings	opt	done	-	latex.log_warnings uses option (Vim regexes instead of Emacs regexps); spec'd	S
ox-latex	org-latex-link-with-unknown-path-format	opt	done	lua/org/export/latex.lua:2059 export.latex.link_with_unknown_path_format	read from config but not listed in defaults/doc	-
ox-latex	org-latex-listings-langs	opt	done	lua/org/export/latex.lua:2061 export.latex.listings_langs	read from config but not listed in defaults/doc	-
ox-latex	org-latex-listings-options	opt	done	lua/org/export/latex.lua:2062 export.latex.listings_options	read from config but not listed in defaults/doc	-
ox-latex	org-latex-listings-src-omit-language	opt	done	lua/org/export/latex.lua:2063 export.latex.listings_src_omit_language	read from config but not listed in defaults/doc	-
ox-latex	org-latex-logfiles-extensions	opt	done	lua/org/export/latex.lua:2217 export.latex.logfiles_extensions	read from config but not listed in defaults/doc	-
ox-latex	org-latex-minted-langs	opt	done	lua/org/export/latex.lua:2064 export.latex.minted_langs	read from config but not listed in defaults/doc	-
ox-latex	org-latex-minted-options	opt	done	lua/org/export/latex.lua:2065 export.latex.minted_options	read from config but not listed in defaults/doc	-
ox-latex	org-latex-pdf-process	opt	done	lua/org/config/misc.lua:16 export.latex.pdf_process	-	-
ox-latex	org-latex-prefer-user-labels	opt	done	lua/org/config/misc.lua:24 export.latex.prefer_user_labels	-	-
ox-latex	org-latex-reference-command	opt	done	lua/org/config/misc.lua:25 export.latex.reference_command	-	-
ox-latex	org-latex-remove-logfiles	opt	done	lua/org/config/misc.lua:18 export.latex.remove_logfiles	-	-
ox-latex	org-latex-src-block-backend	opt	done	lua/org/config/misc.lua:22 export.latex.src_block_backend	-	-
ox-latex	org-latex-subtitle-format	opt	done	lua/org/export/latex.lua:2068 export.latex.subtitle_format	read from config but not listed in defaults/doc	-
ox-latex	org-latex-subtitle-separate	opt	done	lua/org/export/latex.lua:2069 export.latex.subtitle_separate	read from config but not listed in defaults/doc	-
ox-latex	org-latex-table-scientific-notation	opt	done	lua/org/export/latex.lua:2070 export.latex.table_scientific_notation	read from config but not listed in defaults/doc	-
ox-latex	org-latex-tables-booktabs	opt	done	lua/org/config/misc.lua:26 export.latex.tables_booktabs	-	-
ox-latex	org-latex-tables-centered	opt	done	lua/org/config/misc.lua:27 export.latex.tables_centered	-	-
ox-latex	org-latex-text-markup-alist	opt	done	lua/org/export/latex.lua:2073 export.latex.text_markup_alist	read from config but not listed in defaults/doc	-
ox-latex	org-latex-title-command	opt	done	lua/org/config/misc.lua:33 export.latex.title_command	-	-
ox-latex	org-latex-toc-command	opt	done	lua/org/config/misc.lua:34 export.latex.toc_command	-	-
ox-latex	org-latex-toc-include-unnumbered	opt	done	lua/org/export/latex.lua:2083 export.latex.toc_include_unnumbered	read from config but not listed in defaults/doc	-
ox-latex	org-latex-use-sans	opt	done	lua/org/config/misc.lua:36 export.latex.use_sans	-	-
ox-man	org-man-logfiles-extensions	opt	done	-	read in compile(); scratch check: custom {aux} removes .aux and keeps .log	M
ox-man	org-man-pdf-process	opt	done	-	shell list with %f %F %b %o %O or function; scratch check of function form + spec with fake cmds	M
ox-man	org-man-remove-logfiles	opt	done	-	compile() skips removal when false; spec'd	M
ox-man	org-man-source-highlight	opt	done	-	src/inline-src transcoders mirror Emacs (fallback \m[] form); spec with fake source-highlight	M
ox-man	org-man-source-highlight-langs	opt	done	-	scratch check: custom map {foo=bar} used and replaces default map (emacs-lisp not highlighted), like Emacs alist	M
ox-man	org-man-table-scientific-notation	opt	done	-	PROBED M1/M2: nil -> raw 1e-3; custom format applied, identical to Emacs; orgtbl-exp-regexp ported	M
ox-man	org-man-tables-centered	opt	done	-	PROBED M1: nil -> ' ,box;' header like Emacs; golden blocks-options	M
ox-man	org-man-tables-verbatim	opt	done	-	PROBED M2: verbatim t output identical to Emacs; :verbatim attr in M1 too	M
ox-md	org-md-footnote-format	opt	done	lua/org/config/misc.lua:56 export.md.footnote_format	-	-
ox-md	org-md-footnotes-section	opt	done	lua/org/config/misc.lua:57 export.md.footnotes_section	-	-
ox-md	org-md-headline-style	opt	done	lua/org/config/misc.lua:54 export.md.headline_style	-	-
ox-md	org-md-link-org-files-as-md	opt	done	lua/org/config/misc.lua:58 export.md.link_org_files_as_md	-	-
ox-md	org-md-toplevel-hlevel	opt	done	lua/org/config/misc.lua:55 export.md.toplevel_hlevel	-	-
ox-odt	org-odt-content-template-file	opt	done	lua/org/config/links.lua:35 export.odt.content_template_file	-	-
ox-odt	org-odt-convert-capabilities	opt	done	lua/org/config/links.lua:57 export.odt.convert_capabilities	-	-
ox-odt	org-odt-convert-process	opt	done	lua/org/config/links.lua:55 export.odt.convert_process	-	-
ox-odt	org-odt-convert-processes	opt	done	lua/org/config/links.lua:56 export.odt.convert_processes	-	-
ox-odt	org-odt-create-custom-styles-for-srcblocks	opt	done	lua/org/config/links.lua:38 export.odt.create_custom_styles_for_srcblocks	-	-
ox-odt	org-odt-display-outline-level	opt	done	lua/org/config/links.lua:36 export.odt.display_outline_level	-	-
ox-odt	org-odt-fontify-srcblocks	opt	done	lua/org/config/links.lua:37 export.odt.fontify_srcblocks	-	-
ox-odt	org-odt-format-drawer-function	opt	done	lua/org/config/links.lua:51 export.odt.format_drawer_function	-	-
ox-odt	org-odt-format-headline-function	opt	done	lua/org/config/links.lua:52 export.odt.format_headline_function	-	-
ox-odt	org-odt-format-inlinetask-function	opt	done	lua/org/config/links.lua:53 export.odt.format_inlinetask_function	-	-
ox-odt	org-odt-inline-formula-rules	opt	done	lua/org/config/links.lua:48 export.odt.inline_formula_rules	-	-
ox-odt	org-odt-inline-image-rules	opt	done	lua/org/config/links.lua:47 export.odt.inline_image_rules	-	-
ox-odt	org-odt-pixels-per-inch	opt	done	lua/org/config/links.lua:39 export.odt.pixels_per_inch	-	-
ox-odt	org-odt-preferred-output-format	opt	done	lua/org/config/links.lua:54 export.odt.preferred_output_format	-	-
ox-odt	org-odt-prettify-xml	opt	na	-	debug knob: indent component XML for visual inspection	-
ox-odt	org-odt-schema-dir	opt	na	-	RELAX NG schemas for Emacs nXML validation of the XML	-
ox-odt	org-odt-styles-file	opt	done	lua/org/config/links.lua:33 export.odt.styles_file	-	-
ox-odt	org-odt-table-styles	opt	done	lua/org/config/links.lua:49 export.odt.table_styles	-	-
ox-odt	org-odt-use-date-fields	opt	done	lua/org/config/links.lua:40 export.odt.use_date_fields	-	-
ox-odt	org-odt-with-forbidden-chars	opt	done	lua/org/config/links.lua:41 export.odt.with_forbidden_chars	-	-
ox-odt	org-odt-with-latex	opt	done	lua/org/config/links.lua:42 export.odt.with_latex	-	-
ox-org	org-org-htmlized-css-url	opt	done	-	publish htmlize_source links the URL instead of inline <style>; TOhtml not htmlize (unavoidable); spec'd	S
ox-org	org-org-with-cite-processors	opt	done	lua/org/export/org.lua:637 export.org.with_cite_processors	-	-
ox-org	org-org-with-special-rows	opt	done	lua/org/config/misc.lua:61 export.org.with_special_rows	-	-
ox-publish	org-publish-list-skipped-files	opt	done	lua/org/config/misc.lua:106 export.publish.list_skipped_files	-	-
ox-publish	org-publish-project-alist	opt	done	lua/org/config/misc.lua:102 export.publish.projects	-	-
ox-publish	org-publish-sitemap-sort-files	opt	done	lua/org/config/misc.lua:107 export.publish.sitemap_sort_files	-	-
ox-publish	org-publish-sitemap-sort-folders	opt	done	lua/org/config/misc.lua:108 export.publish.sitemap_sort_folders	-	-
ox-publish	org-publish-sitemap-sort-ignore-case	opt	done	lua/org/config/misc.lua:109 export.publish.sitemap_sort_ignore_case	-	-
ox-publish	org-publish-timestamp-directory	opt	done	lua/org/config/misc.lua:104 export.publish.timestamp_directory	-	-
ox-publish	org-publish-use-timestamps-flag	opt	done	lua/org/config/misc.lua:105 export.publish.use_timestamps_flag	-	-
ox-texinfo	org-texinfo-active-timestamp-format	opt	done	lua/org/export/texinfo.lua:1530 export.texinfo.active_timestamp_format	read from config but not listed in defaults/doc	-
ox-texinfo	org-texinfo-classes	opt	done	lua/org/config/misc.lua:40 export.texinfo.classes	-	-
ox-texinfo	org-texinfo-coding-system	opt	done	lua/org/config/misc.lua:41 export.texinfo.coding_system	-	-
ox-texinfo	org-texinfo-compact-itemx	opt	done	lua/org/config/misc.lua:44 export.texinfo.compact_itemx	-	-
ox-texinfo	org-texinfo-default-class	opt	done	lua/org/config/misc.lua:39 export.texinfo.default_class	-	-
ox-texinfo	org-texinfo-diary-timestamp-format	opt	done	lua/org/export/texinfo.lua:1532 export.texinfo.diary_timestamp_format	read from config but not listed in defaults/doc	-
ox-texinfo	org-texinfo-format-drawer-function	opt	done	lua/org/export/texinfo.lua:1543 export.texinfo.format_drawer_function	read from config but not listed in defaults/doc	-
ox-texinfo	org-texinfo-format-headline-function	opt	done	lua/org/export/texinfo.lua:1528 export.texinfo.format_headline_function	read from config but not listed in defaults/doc	-
ox-texinfo	org-texinfo-format-inlinetask-function	opt	done	lua/org/export/texinfo.lua:1544 export.texinfo.format_inlinetask_function	read from config but not listed in defaults/doc	-
ox-texinfo	org-texinfo-inactive-timestamp-format	opt	done	lua/org/export/texinfo.lua:1531 export.texinfo.inactive_timestamp_format	read from config but not listed in defaults/doc	-
ox-texinfo	org-texinfo-info-process	opt	done	lua/org/config/misc.lua:48 export.texinfo.info_process	-	-
ox-texinfo	org-texinfo-link-with-unknown-path-format	opt	done	lua/org/export/texinfo.lua:1533 export.texinfo.link_with_unknown_path_format	read from config but not listed in defaults/doc	-
ox-texinfo	org-texinfo-logfiles-extensions	opt	done	lua/org/export/texinfo.lua:1449 export.texinfo.logfiles_extensions	read from config but not listed in defaults/doc	-
ox-texinfo	org-texinfo-node-description-column	opt	done	lua/org/config/misc.lua:42 export.texinfo.node_description_column	-	-
ox-texinfo	org-texinfo-remove-logfiles	opt	done	lua/org/config/misc.lua:49 export.texinfo.remove_logfiles	-	-
ox-texinfo	org-texinfo-table-default-markup	opt	done	lua/org/config/misc.lua:43 export.texinfo.table_default_markup	-	-
ox-texinfo	org-texinfo-table-scientific-notation	opt	done	lua/org/export/texinfo.lua:1535 export.texinfo.table_scientific_notation	read from config but not listed in defaults/doc	-
ox-texinfo	org-texinfo-tables-verbatim	opt	done	lua/org/export/texinfo.lua:1534 export.texinfo.tables_verbatim	read from config but not listed in defaults/doc	-
ox-texinfo	org-texinfo-text-markup-alist	opt	done	lua/org/export/texinfo.lua:1537 export.texinfo.text_markup_alist	read from config but not listed in defaults/doc	-
ox-texinfo	org-texinfo-with-latex	opt	done	lua/org/config/misc.lua:47 export.texinfo.with_latex	-	-
